"id","tenant_id","application_id","project_id","entitlement_id","catalog_id","notes","state","session_id","stream_id","updated_date","created_date","created_by","updated_by","is_deleted","scan_id","intake_form_response","start_date","expected_end_date","subscription_id","calendar_id","portfolio_item_id","portfolio_sub_item_id","scan_mode","test_mode","assessment_type","test_short_id","sla","workflow_type","branch_id","is_default_branch","triage","profile_id","profile_snapshot_id","tool"
"02f6d322-4c4c-483c-a76f-f323fae87cb3","6747c5f5-d185-412d-a7ae-7e674f51d606","17eebefa-51d3-4dae-8cbb-5f6c5947e341","22175bc1-0183-4ef8-a677-f48df832adc4","c30c7e8d-2162-4fdb-bbe7-03cc0745edd6","b8fb85ff-10cb-479b-8d58-d3b707fa5485","null","COMPLETED",NULL,"67e478a5-453d-4b21-ab8e-2501ebb44e6d","2024-10-01 22:59:48+00","2024-07-15 21:08:33+00","278fac2e-f9fc-4b89-aed1-935b18c640c1",NULL,True,"26fc3952-e06f-4340-905a-66fb1245c4fe",NULL,"2024-07-15 21:08:33+00",NULL,"8ec83915-a50f-4bfa-9f9e-998570c0e456","c30c7e8d-2162-4fdb-bbe7-03cc0745edd6","17eebefa-51d3-4dae-8cbb-5f6c5947e341","22175bc1-0183-4ef8-a677-f48df832adc4","CAPTURE_ANALYSIS","SOURCE_UPLOAD","SAST","5JY0XNV",24,"SAST_NO_TRIAGE","698c36ad-526c-432e-b12e-83015ae5a646",True,"NOT_ENTITLED",NULL,NULL,"cov_thin_client:2024.3.1"
"5ceed7c3-7ad9-4a59-bfb6-3ec6b62b7e1e","6747c5f5-d185-412d-a7ae-7e674f51d606","17eebefa-51d3-4dae-8cbb-5f6c5947e341","22175bc1-0183-4ef8-a677-f48df832adc4","b0176964-c34b-48cc-a543-c33309a02dff","cf969b54-fc1d-4550-8cc3-c59527454278","null","COMPLETED",NULL,"4634b957-e952-4d2f-b4d8-39fe407a30fb","2024-10-01 22:59:48+00","2024-07-15 21:08:32+00","278fac2e-f9fc-4b89-aed1-935b18c640c1",NULL,True,"0f2cc248-6dae-4f4c-90f0-b8f20b45500f",NULL,"2024-07-15 21:08:32+00",NULL,"8ec83915-a50f-4bfa-9f9e-998570c0e456","b0176964-c34b-48cc-a543-c33309a02dff","17eebefa-51d3-4dae-8cbb-5f6c5947e341","22175bc1-0183-4ef8-a677-f48df832adc4","SCA_PACKAGE","SOURCE_UPLOAD","SCA","AII2P9U",100,"SCA_NO_TRIAGE","698c36ad-526c-432e-b12e-83015ae5a646",True,"NOT_ENTITLED",NULL,NULL,"synopsys_detect:9.6.0"
"9c257810-c36d-4e1f-b5a3-53378d35c203","f5840d21-788a-4119-bd7c-a4900fd1a4a2","00ad75ea-a8e2-4e68-9feb-37b717d052df","1fe0757d-47f7-43a1-b054-0006f41e3b71","777e000e-4601-4a89-b993-306b12533627","f507f4f0-23cc-4673-9149-4a4760aa57d0","null","FAILED",NULL,NULL,"2024-09-26 20:33:41+00","2024-09-26 20:32:04+00","98b5889c-531c-44b6-ba7d-f95e536a46b4",NULL,False,"0d9bbafe-ce23-46e8-908f-6cb633d246e5",NULL,"2024-09-26 20:32:04+00",NULL,"c6631634-e0c0-4bb9-9495-786d2bf246f9","777e000e-4601-4a89-b993-306b12533627","00ad75ea-a8e2-4e68-9feb-37b717d052df","1fe0757d-47f7-43a1-b054-0006f41e3b71","IMPORT_RESULTS","THIRD_PARTY_RESULT_UPLOAD","EXTERNAL_ANALYSIS","305JHT0",0,"EA_NO_TRIAGE","9a08447e-c92f-41f8-9203-b8a2b42667fd",True,"NOT_ENTITLED",NULL,NULL,NULL
"31063a7f-bef3-4e26-a54c-b8fe1b9750d6","6747c5f5-d185-412d-a7ae-7e674f51d606","445d9470-acb7-437e-8dcb-c1f78989f71c","68ea10d3-8efa-496e-9f72-dddcfd05d797","b0176964-c34b-48cc-a543-c33309a02dff","2b7233c9-1532-4408-ba96-1290ff859702","null","COMPLETED",NULL,"d1976077-c174-42c4-a007-4a9d60d08d17","2024-09-16 21:51:45+00","2024-09-16 21:46:06+00","278fac2e-f9fc-4b89-aed1-935b18c640c1",NULL,False,"01e27ec8-f182-4117-a10b-582e25d8a44e",NULL,"2024-09-16 21:46:06+00",NULL,"8ec83915-a50f-4bfa-9f9e-998570c0e456","b0176964-c34b-48cc-a543-c33309a02dff","445d9470-acb7-437e-8dcb-c1f78989f71c","68ea10d3-8efa-496e-9f72-dddcfd05d797","SCA_PACKAGE","SOURCE_UPLOAD","SCA","WKXB4UC",100,"SCA_NO_TRIAGE","6e2457d7-e429-46d5-9937-259b02656647",True,"NOT_ENTITLED",NULL,NULL,"synopsys_detect:9.9.0"
"32a054ed-2700-4463-afcd-83f19031da94","6747c5f5-d185-412d-a7ae-7e674f51d606","3403f56f-dcd7-45e8-a3c2-a47a6cd30481","0b876c04-1747-4374-a6b6-ca08586440c6","39aea156-4093-46cd-a232-d0054b484bfd","eab3294c-0bee-4c2d-ae69-71f141186b42","null","COMPLETED",NULL,"faa3648b-7c03-4688-ad76-da832ca1eda2","2024-09-06 16:31:22+00","2024-09-06 16:06:45+00","278fac2e-f9fc-4b89-aed1-935b18c640c1",NULL,False,"954603f2-a8a1-4da1-bad3-7ad716575301",NULL,"2024-09-06 16:06:45+00",NULL,"8ec83915-a50f-4bfa-9f9e-998570c0e456","39aea156-4093-46cd-a232-d0054b484bfd","3403f56f-dcd7-45e8-a3c2-a47a6cd30481","0b876c04-1747-4374-a6b6-ca08586440c6","CAPTURE_ANALYSIS","SOURCE_UPLOAD","SAST","B4I7CCU",100,"SAST_FIRST_TIME_TRIAGE","9d0d9e51-a884-49cc-9cf1-3dc6b4bdd4d8",True,"NOT_ENTITLED",NULL,NULL,"cov_thin_client:2024.6.0"
"d3c07365-c57b-49fa-8093-798d1b8766fc","30b5e3c8-6727-47f6-8cd6-67b2f64d3162","bb79326c-48d0-4573-8642-3f9ac7f54e94","7d3dfb4e-c5e3-4020-8046-3b276dc1f387","87ba302c-2961-40f2-ae10-b4cdac150eff","7b62b6ab-55a0-4030-b0b7-889481317a7f","null","COMPLETED",NULL,"ba52ad3f-6121-46d6-91c0-7764c0895785","2024-10-17 15:51:31+00","2024-10-17 15:46:03+00","42eb1900-a323-48a5-a5ef-f8ca9159468f",NULL,False,"96d6e124-2846-4bae-8a71-5eacf4ad5c92",NULL,"2024-10-17 15:46:03+00",NULL,"ffd0a5b2-1831-41be-bed7-aadaf17fd7c3","87ba302c-2961-40f2-ae10-b4cdac150eff","bb79326c-48d0-4573-8642-3f9ac7f54e94","7d3dfb4e-c5e3-4020-8046-3b276dc1f387","SCA_PACKAGE","SOURCE_UPLOAD","SCA","S3EI5J5",72,"SCA_NO_TRIAGE","22d9a8b0-fe89-4c36-aae1-09c0ee827a94",True,"NOT_ENTITLED",NULL,NULL,"synopsys_detect:9.9.0"
"a5c7ee63-fadd-42e2-a496-42f4f4a252c8","f5840d21-788a-4119-bd7c-a4900fd1a4a2","00ad75ea-a8e2-4e68-9feb-37b717d052df","6ba9cecf-4ede-47f2-b4eb-f605afe40770","67c17ed0-e100-49ac-b2e1-7d7cbc4253ef","859c3037-a148-4dc7-aa43-7d1ac482ec28","null","COMPLETED",NULL,"052e0dbe-5afa-48d2-a40f-3943e39c6427","2024-10-15 16:37:07+00","2024-10-15 16:27:38+00","98b5889c-531c-44b6-ba7d-f95e536a46b4",NULL,False,"56760465-8c02-4024-b63b-1f9781ad5a8d",NULL,"2024-10-15 16:27:38+00",NULL,"2be67c44-11ec-4cca-9c87-2a5736fcefa2","67c17ed0-e100-49ac-b2e1-7d7cbc4253ef","00ad75ea-a8e2-4e68-9feb-37b717d052df","6ba9cecf-4ede-47f2-b4eb-f605afe40770","CAPTURE_ANALYSIS","SOURCE_UPLOAD","SAST","O6QZSLG",120,"SAST_NO_TRIAGE","6ba51901-eff9-4060-b36d-5e6e104feac2",True,"NOT_ENTITLED",NULL,NULL,"cov_thin_client:2024.9.0"
"34463d4f-08f0-4dad-8f8d-c593872b5393","6747c5f5-d185-412d-a7ae-7e674f51d606","b7ef55b7-aeac-4204-85cd-0ab98608b364","444db24d-636d-4ec0-9c7a-c9d8685ff112","39aea156-4093-46cd-a232-d0054b484bfd","2b6cd93a-9697-44e5-9c3c-65fd7d2a44a2","null","TM_TRIAGE",NULL,"b2b1a66e-52f7-4c60-bd19-95855ccba922","2024-10-07 17:47:03+00","2024-10-04 21:58:10+00","278fac2e-f9fc-4b89-aed1-935b18c640c1",NULL,True,"9502f7d2-959c-4023-befa-eaadbd375c65",NULL,"2024-10-04 21:58:10+00",NULL,"8ec83915-a50f-4bfa-9f9e-998570c0e456","39aea156-4093-46cd-a232-d0054b484bfd","b7ef55b7-aeac-4204-85cd-0ab98608b364","444db24d-636d-4ec0-9c7a-c9d8685ff112","CAPTURE_ANALYSIS","SOURCE_UPLOAD","SAST","3QNY6HW",100,"SAST_FIRST_TIME_TRIAGE","93207618-f6b2-43ea-8f43-f933626839a7",True,"NOT_ENTITLED",NULL,NULL,"cov_thin_client:2024.9.0"
"feb20fdd-9637-431d-b944-d0eae41d80e3","f5840d21-788a-4119-bd7c-a4900fd1a4a2","00ad75ea-a8e2-4e68-9feb-37b717d052df","e087705d-9eb9-45f8-9326-a01a890bad0e","777e000e-4601-4a89-b993-306b12533627","5edf9f71-0d51-4f35-b45f-f28357bf2d2f","null","COMPLETED",NULL,NULL,"2024-10-20 15:46:37+00","2024-10-20 15:44:57+00","98b5889c-531c-44b6-ba7d-f95e536a46b4",NULL,False,"0aedea28-4304-4614-960a-eafb40cd9e8c",NULL,"2024-10-20 15:44:57+00",NULL,"c6631634-e0c0-4bb9-9495-786d2bf246f9","777e000e-4601-4a89-b993-306b12533627","00ad75ea-a8e2-4e68-9feb-37b717d052df","e087705d-9eb9-45f8-9326-a01a890bad0e","IMPORT_RESULTS","THIRD_PARTY_RESULT_UPLOAD","EXTERNAL_ANALYSIS","3RBRMPX",0,"EA_NO_TRIAGE","348eea92-0a40-4247-90af-75382b3e6ed3",True,"NOT_ENTITLED",NULL,NULL,"SCA-Black Duck Binary Analysis"
"7156c69e-9ef6-4022-b8af-43dd5dc4a1e8","30b5e3c8-6727-47f6-8cd6-67b2f64d3162","a84fbc0c-6318-472c-9bc0-70aee49d98d7","fe6cf5e7-88ad-4125-ba91-069dfaca5d02","87ba302c-2961-40f2-ae10-b4cdac150eff","68cb5d81-5d50-495d-9e1d-88c4108b93d5","null","COMPLETED",NULL,"d645f512-9276-47f0-ae61-8248ae6ae684","2024-09-18 11:26:09+00","2024-09-18 11:23:04+00","42eb1900-a323-48a5-a5ef-f8ca9159468f",NULL,False,"72d914a7-2a13-437b-900c-69cb0bc54b20",NULL,"2024-09-18 11:23:04+00",NULL,"ffd0a5b2-1831-41be-bed7-aadaf17fd7c3","87ba302c-2961-40f2-ae10-b4cdac150eff","a84fbc0c-6318-472c-9bc0-70aee49d98d7","fe6cf5e7-88ad-4125-ba91-069dfaca5d02","SCA_PACKAGE","SOURCE_UPLOAD","SCA","IKSCGKO",72,"SCA_NO_TRIAGE","f6961aad-825d-4421-9cc6-8f39016366c8",True,"NOT_ENTITLED",NULL,NULL,"synopsys_detect:9.9.0"
"af4830c0-64cb-445f-b7cb-34862fd78047","6747c5f5-d185-412d-a7ae-7e674f51d606","3403f56f-dcd7-45e8-a3c2-a47a6cd30481","0b876c04-1747-4374-a6b6-ca08586440c6","b0176964-c34b-48cc-a543-c33309a02dff","1aaae2ab-b853-45d8-b62c-546091393201","","COMPLETED",NULL,"496b39d9-6c06-4826-9618-189d5315c9ea","2024-10-17 18:10:27+00","2024-10-17 18:01:07+00","83051d7f-9143-4efe-95dd-9953fc7dba79",NULL,False,"ff96cf13-12a0-44c5-9cf9-cfe85bcdec17",NULL,"2024-10-17 18:01:07+00",NULL,"8ec83915-a50f-4bfa-9f9e-998570c0e456","b0176964-c34b-48cc-a543-c33309a02dff","3403f56f-dcd7-45e8-a3c2-a47a6cd30481","0b876c04-1747-4374-a6b6-ca08586440c6","SCA_PACKAGE","SCM","SCA","7GA00Q1",100,"SCA_SCM_NO_TRIAGE","9d0d9e51-a884-49cc-9cf1-3dc6b4bdd4d8",True,"NOT_ENTITLED",NULL,NULL,"synopsys_detect:9.9.0"
"ebfdf515-4831-4560-a2a8-d267121a1469","f5840d21-788a-4119-bd7c-a4900fd1a4a2","df76cc31-dd0d-4514-89c3-6cac5221bf34","241e2642-a603-4748-9c48-542ddbe1f1ad","6e7a2925-41b9-48e4-9708-dc6fdb47c94f","4abeef88-e7e7-4d86-99f5-6033ceea916f","","NOT_RUN",NULL,"85a4ebee-a858-4fcc-ace0-ed8e3c39fa87","2024-11-03 16:01:48+00","2024-11-02 15:58:10+00","f35f36b8-771f-4fae-951e-805a0940f27c",NULL,False,NULL,NULL,"2024-11-02 15:58:10+00",NULL,"010412b5-22b8-44ed-a37f-1c5482a9d598","6e7a2925-41b9-48e4-9708-dc6fdb47c94f","df76cc31-dd0d-4514-89c3-6cac5221bf34","241e2642-a603-4748-9c48-542ddbe1f1ad","CAPTURE_ANALYSIS","SCM","SAST","KSMI8AC",336,"SAST_SCM_ALWAYS_TRIAGE","eaa431f1-780c-4aff-a6c3-44a21a931e7f",True,"REQUIRED",NULL,NULL,"cov_thin_client:2024.9.0"
"7d795d63-f789-4d4c-a48a-5c04e72f7820","30b5e3c8-6727-47f6-8cd6-67b2f64d3162","a84fbc0c-6318-472c-9bc0-70aee49d98d7","fe6cf5e7-88ad-4125-ba91-069dfaca5d02","7d1c71ea-d2ac-405b-a7f8-c2ba0255d71b","c15415dd-8b90-47f9-9837-5d5b38a7af49","null","COMPLETED",NULL,"0b2cede3-27ae-48c4-8731-e021f2cc5e97","2024-09-18 11:29:05+00","2024-09-18 11:23:04+00","42eb1900-a323-48a5-a5ef-f8ca9159468f",NULL,False,"1a895997-f91f-4aaf-817b-9101d8dd49a8",NULL,"2024-09-18 11:23:04+00",NULL,"43f72f99-7a2b-4b64-8c2c-97e496a222a9","7d1c71ea-d2ac-405b-a7f8-c2ba0255d71b","a84fbc0c-6318-472c-9bc0-70aee49d98d7","fe6cf5e7-88ad-4125-ba91-069dfaca5d02","CAPTURE_ANALYSIS","SOURCE_UPLOAD","SAST","ETXAH55",24,"SAST_NO_TRIAGE","f6961aad-825d-4421-9cc6-8f39016366c8",True,"NOT_ENTITLED",NULL,NULL,"cov_thin_client:2024.6.0"
"4aae7cac-6489-4290-aa7b-9e12ba6da647","30b5e3c8-6727-47f6-8cd6-67b2f64d3162","a84fbc0c-6318-472c-9bc0-70aee49d98d7","fe6cf5e7-88ad-4125-ba91-069dfaca5d02","87ba302c-2961-40f2-ae10-b4cdac150eff","e4dbeffc-f310-4c7e-9beb-27e37c26f787","null","COMPLETED",NULL,"d645f512-9276-47f0-ae61-8248ae6ae684","2024-09-23 13:54:51+00","2024-09-23 13:49:29+00","2325f954-3472-496a-89d6-6ef7c567d9be",NULL,False,"364c13e3-cc66-4a80-94de-6bdd9fb67491",NULL,"2024-09-23 13:49:29+00",NULL,"ffd0a5b2-1831-41be-bed7-aadaf17fd7c3","87ba302c-2961-40f2-ae10-b4cdac150eff","a84fbc0c-6318-472c-9bc0-70aee49d98d7","fe6cf5e7-88ad-4125-ba91-069dfaca5d02","SCA_PACKAGE","SOURCE_UPLOAD","SCA","3SMI5F6",72,"SCA_NO_TRIAGE","f6961aad-825d-4421-9cc6-8f39016366c8",True,"NOT_ENTITLED",NULL,NULL,"synopsys_detect:9.9.0"
"daa0dafb-46b5-4048-8be4-1abf23fcc020","30b5e3c8-6727-47f6-8cd6-67b2f64d3162","a84fbc0c-6318-472c-9bc0-70aee49d98d7","fe6cf5e7-88ad-4125-ba91-069dfaca5d02","7d1c71ea-d2ac-405b-a7f8-c2ba0255d71b","fd10d0ed-57e3-4612-bd61-d273bb1d1137","null","COMPLETED",NULL,"0b2cede3-27ae-48c4-8731-e021f2cc5e97","2024-09-23 13:59:45+00","2024-09-23 13:49:27+00","2325f954-3472-496a-89d6-6ef7c567d9be",NULL,False,"b9509818-7283-4efb-becf-6622d09154d0",NULL,"2024-09-23 13:49:27+00",NULL,"43f72f99-7a2b-4b64-8c2c-97e496a222a9","7d1c71ea-d2ac-405b-a7f8-c2ba0255d71b","a84fbc0c-6318-472c-9bc0-70aee49d98d7","fe6cf5e7-88ad-4125-ba91-069dfaca5d02","CAPTURE_ANALYSIS","SOURCE_UPLOAD","SAST","ZHFAPIK",24,"SAST_NO_TRIAGE","f6961aad-825d-4421-9cc6-8f39016366c8",True,"NOT_ENTITLED",NULL,NULL,"cov_thin_client:2024.6.0"
"3d26c22b-bf4d-44f1-ad54-6f22538063d3","6747c5f5-d185-412d-a7ae-7e674f51d606","445d9470-acb7-437e-8dcb-c1f78989f71c","2caea31f-c9c0-4f49-9d21-d9ad2a5c0e90","c30c7e8d-2162-4fdb-bbe7-03cc0745edd6","789475bb-d762-4d69-9438-cd9f9ce4c16f","null","COMPLETED",NULL,"d44fe899-7e42-4365-9d21-b8ba42a7231f","2024-09-24 20:56:20+00","2024-09-24 20:34:58+00","278fac2e-f9fc-4b89-aed1-935b18c640c1",NULL,False,"c3011682-98e6-4a5b-8ad3-1c1aa2366c08",NULL,"2024-09-24 20:34:58+00",NULL,"8ec83915-a50f-4bfa-9f9e-998570c0e456","c30c7e8d-2162-4fdb-bbe7-03cc0745edd6","445d9470-acb7-437e-8dcb-c1f78989f71c","2caea31f-c9c0-4f49-9d21-d9ad2a5c0e90","CAPTURE_ANALYSIS","SOURCE_UPLOAD","SAST","80TX64N",24,"SAST_NO_TRIAGE","a9748013-b161-4ffc-ac26-8ab4665a561f",True,"NOT_ENTITLED",NULL,NULL,"cov_thin_client:2024.6.0"
"a048264b-bbaf-4495-989b-b443f4091d1b","be0acbaa-1e9e-4ce7-90aa-e6bc1020be58","01757b5d-7c39-48d5-b000-0859c9cd1602","2a1e1ee6-bb4b-4f84-8991-4cc07963e318","6ee0458a-5db5-4e03-92ee-7c21289c3dd7","f8d99829-b5ca-4b00-b16c-90c1716e4551","null","COMPLETED",NULL,"1ec53be9-8b0d-4e84-a8ea-bd3248d3386f","2024-09-25 15:44:08+00","2023-11-07 06:43:47+00","a257d578-c39c-4e10-9252-2c017c88cd4d","66d5710a-d440-4e0f-88c6-0e9df61e506a",True,"14a5a886-2daf-4c50-ab12-631aa72f4c84",NULL,"2023-11-07 06:43:47+00",NULL,"fbe8f0ec-008a-4690-94a1-1530b3500730","6ee0458a-5db5-4e03-92ee-7c21289c3dd7","01757b5d-7c39-48d5-b000-0859c9cd1602","2a1e1ee6-bb4b-4f84-8991-4cc07963e318","CAPTURE_ANALYSIS","SOURCE_UPLOAD","SAST","GL04FFY",336,"SAST_FIRST_TIME_TRIAGE","a674a580-98bf-4d8a-a402-a5dbb74d95d8",True,"NOT_ENTITLED",NULL,NULL,"cov_thin_client:2023.9.2-ci49"
"2a813d6e-4aea-454a-874c-d0d03dc5ca23","6747c5f5-d185-412d-a7ae-7e674f51d606","6a10eee4-49b4-48cf-9f09-83f822f0d2e9","57329a63-9541-4e32-8b3f-6cb037e2d687","c30c7e8d-2162-4fdb-bbe7-03cc0745edd6","18d1ff5f-8679-46a3-b3c3-f33b92278961","null","COMPLETED",NULL,"8f1e4841-edf8-4b11-b99c-515f2772fbfd","2024-10-01 23:03:04+00","2024-08-08 21:55:05+00","278fac2e-f9fc-4b89-aed1-935b18c640c1",NULL,True,"6422b092-4d80-4ff3-9add-82a15781ca58",NULL,"2024-08-08 21:55:05+00",NULL,"8ec83915-a50f-4bfa-9f9e-998570c0e456","c30c7e8d-2162-4fdb-bbe7-03cc0745edd6","6a10eee4-49b4-48cf-9f09-83f822f0d2e9","57329a63-9541-4e32-8b3f-6cb037e2d687","CAPTURE_ANALYSIS","SOURCE_UPLOAD","SAST","PTPIC2F",24,"SAST_NO_TRIAGE","94152825-5f9a-498c-af3f-486b661a0939",False,"NOT_ENTITLED",NULL,NULL,"cov_thin_client:2024.6.0"
"7f38e106-9c8a-4e10-923a-2eb7ab056456","6747c5f5-d185-412d-a7ae-7e674f51d606","6a10eee4-49b4-48cf-9f09-83f822f0d2e9","57329a63-9541-4e32-8b3f-6cb037e2d687","c30c7e8d-2162-4fdb-bbe7-03cc0745edd6","26461077-fa36-47c1-8d9e-fda719ca21c2","null","CANCELLED",NULL,"d244cee8-d4bc-433a-8533-5bccfaed8b51","2024-10-01 23:03:04+00","2024-08-08 21:51:00+00","278fac2e-f9fc-4b89-aed1-935b18c640c1","278fac2e-f9fc-4b89-aed1-935b18c640c1",True,"033af8bc-cad9-4f3d-aa0a-0cba1a10cc2a",NULL,"2024-08-08 21:51:00+00",NULL,"8ec83915-a50f-4bfa-9f9e-998570c0e456","c30c7e8d-2162-4fdb-bbe7-03cc0745edd6","6a10eee4-49b4-48cf-9f09-83f822f0d2e9","57329a63-9541-4e32-8b3f-6cb037e2d687","CAPTURE_ANALYSIS","SOURCE_UPLOAD","SAST","40BCEQ5",24,"SAST_NO_TRIAGE","e91fa9ba-89c0-492d-9317-70aa3f7188cc",True,"NOT_ENTITLED",NULL,NULL,"cov_thin_client:2024.6.0"
"13e1e1cf-bbb8-48bc-bad8-6b63784fd656","6747c5f5-d185-412d-a7ae-7e674f51d606","3403f56f-dcd7-45e8-a3c2-a47a6cd30481","fe474096-083b-49eb-a12d-0cb60b76153b","39aea156-4093-46cd-a232-d0054b484bfd","feb33106-23da-4733-9fbd-75a8a230a9d5","null","CANCELLED",NULL,"bc5d9334-6365-447f-8265-1bc956c038fa","2024-10-24 03:40:54+00","2024-10-24 03:35:06+00","278fac2e-f9fc-4b89-aed1-935b18c640c1","278fac2e-f9fc-4b89-aed1-935b18c640c1",False,"a3774d22-59bd-437c-964d-b4ea8de6841b",NULL,"2024-10-24 03:35:06+00",NULL,"8ec83915-a50f-4bfa-9f9e-998570c0e456","39aea156-4093-46cd-a232-d0054b484bfd","3403f56f-dcd7-45e8-a3c2-a47a6cd30481","fe474096-083b-49eb-a12d-0cb60b76153b","CAPTURE_ANALYSIS","SOURCE_UPLOAD","SAST","8D7VOW6",100,"SAST_FIRST_TIME_TRIAGE","ef56eb7e-a79b-45e2-a228-7260364f29f7",True,"NOT_ENTITLED",NULL,NULL,"cov_thin_client:2024.9.0"
"5c169b81-bf94-4276-ba5d-6d979de78af1","f5840d21-788a-4119-bd7c-a4900fd1a4a2","00ad75ea-a8e2-4e68-9feb-37b717d052df","1fe0757d-47f7-43a1-b054-0006f41e3b71","777e000e-4601-4a89-b993-306b12533627","51434407-3880-4352-8b23-f5fd24dec059","null","CANCELLED",NULL,NULL,"2024-09-26 21:56:14+00","2024-09-26 21:36:09+00","98b5889c-531c-44b6-ba7d-f95e536a46b4","98b5889c-531c-44b6-ba7d-f95e536a46b4",False,"6755cb20-4391-474f-8771-6eb49833242c",NULL,"2024-09-26 21:36:09+00",NULL,"c6631634-e0c0-4bb9-9495-786d2bf246f9","777e000e-4601-4a89-b993-306b12533627","00ad75ea-a8e2-4e68-9feb-37b717d052df","1fe0757d-47f7-43a1-b054-0006f41e3b71","IMPORT_RESULTS","THIRD_PARTY_RESULT_UPLOAD","EXTERNAL_ANALYSIS","8YQFOH6",0,"EA_NO_TRIAGE","9a08447e-c92f-41f8-9203-b8a2b42667fd",True,"NOT_ENTITLED",NULL,NULL,NULL
"72cf187c-1255-48d2-b868-0811b046c600","6747c5f5-d185-412d-a7ae-7e674f51d606","445d9470-acb7-437e-8dcb-c1f78989f71c","7a06592f-8e86-484d-81f4-cab2fddf3653","b0176964-c34b-48cc-a543-c33309a02dff","aee11663-4e4c-49f8-b271-d7bfbbf2da5b",NULL,"COMPLETED",NULL,"ab45788d-99f9-4c49-8bca-55775a87e8dc","2024-09-06 22:26:51+00","2024-09-06 22:20:24+00","278fac2e-f9fc-4b89-aed1-935b18c640c1","278fac2e-f9fc-4b89-aed1-935b18c640c1",False,"8986f11d-d9eb-44cf-856b-492b6d892c30",NULL,"2024-09-06 22:20:24+00",NULL,"8ec83915-a50f-4bfa-9f9e-998570c0e456","b0176964-c34b-48cc-a543-c33309a02dff","445d9470-acb7-437e-8dcb-c1f78989f71c","7a06592f-8e86-484d-81f4-cab2fddf3653","SCA_SIGNATURE","CI","SCA","BFVIP8R",100,"SCA_NO_TRIAGE_ONLY_MATCHING","d2c91115-1e90-420a-bd75-e3e5f3b74a0c",False,"NOT_ENTITLED",NULL,NULL,"synopsys_detect:9.9.0"
"00bafa5b-2f56-40bf-9cfd-e94ca2ee4ce1","6747c5f5-d185-412d-a7ae-7e674f51d606","3403f56f-dcd7-45e8-a3c2-a47a6cd30481","0b876c04-1747-4374-a6b6-ca08586440c6","39aea156-4093-46cd-a232-d0054b484bfd","c569307e-367a-4a05-baba-70025a304bed","null","CANCELLED",NULL,"faa3648b-7c03-4688-ad76-da832ca1eda2","2024-09-18 20:43:52+00","2024-09-18 20:39:52+00","278fac2e-f9fc-4b89-aed1-935b18c640c1","278fac2e-f9fc-4b89-aed1-935b18c640c1",False,NULL,NULL,"2024-09-18 20:39:52+00",NULL,"8ec83915-a50f-4bfa-9f9e-998570c0e456","39aea156-4093-46cd-a232-d0054b484bfd","3403f56f-dcd7-45e8-a3c2-a47a6cd30481","0b876c04-1747-4374-a6b6-ca08586440c6","CAPTURE_ANALYSIS","SCM","SAST","XN9AW3D",100,"SAST_SCM_FIRST_TIME_TRIAGE","9d0d9e51-a884-49cc-9cf1-3dc6b4bdd4d8",True,"NOT_ENTITLED",NULL,NULL,"cov_thin_client:2024.6.0"
"ea3fbaa2-ba2b-4e92-ae08-eb61777772bd","30b5e3c8-6727-47f6-8cd6-67b2f64d3162","ec1fb490-f822-4b13-94be-fb3924e770a6","021fc886-1e3d-490d-896d-727a3f08be66","87ba302c-2961-40f2-ae10-b4cdac150eff","07fc0091-dc09-478d-8aa8-d2e8dc7275ba","null","CANCELLED",NULL,"8e307d0d-706a-45b1-8bd2-3f5b37afd8fd","2024-09-30 12:48:52+00","2024-09-17 06:57:48+00","42eb1900-a323-48a5-a5ef-f8ca9159468f","42eb1900-a323-48a5-a5ef-f8ca9159468f",False,"0c08b0bf-4f83-4013-96ae-e27cef737731",NULL,"2024-09-17 06:57:48+00",NULL,"ffd0a5b2-1831-41be-bed7-aadaf17fd7c3","87ba302c-2961-40f2-ae10-b4cdac150eff","ec1fb490-f822-4b13-94be-fb3924e770a6","021fc886-1e3d-490d-896d-727a3f08be66","SCA_PACKAGE","SOURCE_UPLOAD","SCA","JG1W5BI",72,"SCA_NO_TRIAGE","bd446c1e-c376-4da7-ac4f-405e3a9476b1",True,"NOT_ENTITLED",NULL,NULL,"synopsys_detect:9.9.0"
"ddac2395-eedb-4776-b080-611179d1c389","f5840d21-788a-4119-bd7c-a4900fd1a4a2","00ad75ea-a8e2-4e68-9feb-37b717d052df","6ba9cecf-4ede-47f2-b4eb-f605afe40770","dc46a969-b74a-4fc5-b8b6-e259ba2c6d60","42b091d2-0e4e-4779-bc72-dd29f9aed325","null","COMPLETED",NULL,"7962b499-b4b8-4191-a1cd-31969049207f","2024-10-15 16:30:00+00","2024-10-15 16:27:38+00","98b5889c-531c-44b6-ba7d-f95e536a46b4",NULL,False,"2918870b-70e4-44c5-aee5-a291ec6975ca",NULL,"2024-10-15 16:27:38+00",NULL,"2be67c44-11ec-4cca-9c87-2a5736fcefa2","dc46a969-b74a-4fc5-b8b6-e259ba2c6d60","00ad75ea-a8e2-4e68-9feb-37b717d052df","6ba9cecf-4ede-47f2-b4eb-f605afe40770","SCA_PACKAGE","SOURCE_UPLOAD","SCA","YLAGZ8X",72,"SCA_NO_TRIAGE","6ba51901-eff9-4060-b36d-5e6e104feac2",True,"NOT_ENTITLED",NULL,NULL,"synopsys_detect:9.9.0"
"2c6a027f-a991-4923-927b-25378ca0dfc5","6747c5f5-d185-412d-a7ae-7e674f51d606","3403f56f-dcd7-45e8-a3c2-a47a6cd30481","0b876c04-1747-4374-a6b6-ca08586440c6","137cd70d-cd75-44a5-89eb-106cec7f9c05","b269b06e-da68-4044-a30e-e24ee3b08622","null","FAILED",NULL,NULL,"2024-09-23 17:52:39+00","2024-09-23 17:50:39+00","278fac2e-f9fc-4b89-aed1-935b18c640c1",NULL,False,NULL,NULL,"2024-09-23 17:50:39+00",NULL,"53e04787-2c6a-412a-a9ec-91d56a6ca212","137cd70d-cd75-44a5-89eb-106cec7f9c05","3403f56f-dcd7-45e8-a3c2-a47a6cd30481","0b876c04-1747-4374-a6b6-ca08586440c6","IMPORT_RESULTS","THIRD_PARTY_RESULT_UPLOAD","EXTERNAL_ANALYSIS","SNF5V8Y",0,"EA_NO_TRIAGE","9d0d9e51-a884-49cc-9cf1-3dc6b4bdd4d8",True,"NOT_ENTITLED",NULL,NULL,NULL
"b17a6b5f-04f0-49d1-907a-c217f9ee1997","6747c5f5-d185-412d-a7ae-7e674f51d606","b7ef55b7-aeac-4204-85cd-0ab98608b364","444db24d-636d-4ec0-9c7a-c9d8685ff112","b0176964-c34b-48cc-a543-c33309a02dff","217efa1b-9005-4d30-9183-af202f4bcfb8","null","COMPLETED",NULL,"5a4844fd-fda6-4776-b967-55d0166cac0b","2024-10-07 17:47:03+00","2024-10-04 21:58:10+00","278fac2e-f9fc-4b89-aed1-935b18c640c1",NULL,True,"f17a0a89-5097-4a6f-91be-9b7755993d24",NULL,"2024-10-04 21:58:10+00",NULL,"8ec83915-a50f-4bfa-9f9e-998570c0e456","b0176964-c34b-48cc-a543-c33309a02dff","b7ef55b7-aeac-4204-85cd-0ab98608b364","444db24d-636d-4ec0-9c7a-c9d8685ff112","SCA_PACKAGE","SOURCE_UPLOAD","SCA","ISPLGID",100,"SCA_NO_TRIAGE","93207618-f6b2-43ea-8f43-f933626839a7",True,"NOT_ENTITLED",NULL,NULL,"synopsys_detect:9.9.0"
"0b0d55b1-f375-4c81-b617-8ff1a26bdbb0","30b5e3c8-6727-47f6-8cd6-67b2f64d3162","bb79326c-48d0-4573-8642-3f9ac7f54e94","158c4bef-3b53-4225-be45-167f59114c7f","87ba302c-2961-40f2-ae10-b4cdac150eff","bcd3282e-37f4-4dd6-8251-bf5274251890","null","COMPLETED",NULL,"f1648ea9-babb-455a-a529-949ff3a8819f","2024-10-17 16:44:20+00","2024-10-17 16:33:21+00","42eb1900-a323-48a5-a5ef-f8ca9159468f",NULL,False,"22883825-3d34-49b4-a9dd-22e647173aaa",NULL,"2024-10-17 16:33:21+00",NULL,"ffd0a5b2-1831-41be-bed7-aadaf17fd7c3","87ba302c-2961-40f2-ae10-b4cdac150eff","bb79326c-48d0-4573-8642-3f9ac7f54e94","158c4bef-3b53-4225-be45-167f59114c7f","SCA_PACKAGE","SOURCE_UPLOAD","SCA","E72FI2Z",72,"SCA_NO_TRIAGE","2bc18158-44bf-4713-8e59-728ba7503c37",True,"NOT_ENTITLED",NULL,NULL,"synopsys_detect:9.9.0"
"c94633d5-abd3-4568-be4f-fa2cb49917fd","f5840d21-788a-4119-bd7c-a4900fd1a4a2","00ad75ea-a8e2-4e68-9feb-37b717d052df","e087705d-9eb9-45f8-9326-a01a890bad0e","777e000e-4601-4a89-b993-306b12533627","4e200229-71f7-44a4-a0ab-7b6c1a6fb2d7","null","COMPLETED",NULL,NULL,"2024-10-20 15:50:06+00","2024-10-20 15:49:29+00","98b5889c-531c-44b6-ba7d-f95e536a46b4",NULL,False,"c6f94dae-45c4-4087-b40d-3b1b87686d71",NULL,"2024-10-20 15:49:29+00",NULL,"c6631634-e0c0-4bb9-9495-786d2bf246f9","777e000e-4601-4a89-b993-306b12533627","00ad75ea-a8e2-4e68-9feb-37b717d052df","e087705d-9eb9-45f8-9326-a01a890bad0e","IMPORT_RESULTS","THIRD_PARTY_RESULT_UPLOAD","EXTERNAL_ANALYSIS","84Y33K9",0,"EA_NO_TRIAGE","348eea92-0a40-4247-90af-75382b3e6ed3",True,"NOT_ENTITLED",NULL,NULL,"SAST-Coverity"
"bc83ca73-0272-4269-a7e9-18a9eb642ac5","6747c5f5-d185-412d-a7ae-7e674f51d606","3403f56f-dcd7-45e8-a3c2-a47a6cd30481","0b876c04-1747-4374-a6b6-ca08586440c6","39aea156-4093-46cd-a232-d0054b484bfd","d2187606-c2f1-4a58-9d51-a8b9ef45050b","","COMPLETED",NULL,"faa3648b-7c03-4688-ad76-da832ca1eda2","2024-10-17 18:17:07+00","2024-10-17 18:01:08+00","83051d7f-9143-4efe-95dd-9953fc7dba79",NULL,False,"3ab4e919-cc97-406f-b7bc-a3a72c717690",NULL,"2024-10-17 18:01:08+00",NULL,"8ec83915-a50f-4bfa-9f9e-998570c0e456","39aea156-4093-46cd-a232-d0054b484bfd","3403f56f-dcd7-45e8-a3c2-a47a6cd30481","0b876c04-1747-4374-a6b6-ca08586440c6","CAPTURE_ANALYSIS","SCM","SAST","XYMFRRQ",100,"SAST_SCM_FIRST_TIME_TRIAGE","9d0d9e51-a884-49cc-9cf1-3dc6b4bdd4d8",True,"NOT_ENTITLED",NULL,NULL,"cov_thin_client:2024.9.0"
"dc516924-ad41-4557-8ce8-b965e93f308d","6747c5f5-d185-412d-a7ae-7e674f51d606","3403f56f-dcd7-45e8-a3c2-a47a6cd30481","0b876c04-1747-4374-a6b6-ca08586440c6","137cd70d-cd75-44a5-89eb-106cec7f9c05","080dd238-eac9-497c-9f3b-94693f130a01","null","FAILED",NULL,NULL,"2024-09-26 17:15:42+00","2024-09-26 17:14:57+00","278fac2e-f9fc-4b89-aed1-935b18c640c1",NULL,False,"ed7f041f-71d8-47ac-a949-d76bdc1e7049",NULL,"2024-09-26 17:14:57+00",NULL,"53e04787-2c6a-412a-a9ec-91d56a6ca212","137cd70d-cd75-44a5-89eb-106cec7f9c05","3403f56f-dcd7-45e8-a3c2-a47a6cd30481","0b876c04-1747-4374-a6b6-ca08586440c6","IMPORT_RESULTS","THIRD_PARTY_RESULT_UPLOAD","EXTERNAL_ANALYSIS","H9KSTVP",0,"EA_NO_TRIAGE","9d0d9e51-a884-49cc-9cf1-3dc6b4bdd4d8",True,"NOT_ENTITLED",NULL,NULL,NULL
"c52e5560-9df8-431f-815f-a0125a942fda","6747c5f5-d185-412d-a7ae-7e674f51d606","3403f56f-dcd7-45e8-a3c2-a47a6cd30481","0b876c04-1747-4374-a6b6-ca08586440c6","39aea156-4093-46cd-a232-d0054b484bfd","bd982949-b621-4eb4-b97e-40d4d7a1fca2","null","CANCELLED",NULL,"faa3648b-7c03-4688-ad76-da832ca1eda2","2024-09-26 17:21:44+00","2024-09-26 17:14:58+00","278fac2e-f9fc-4b89-aed1-935b18c640c1","278fac2e-f9fc-4b89-aed1-935b18c640c1",False,"22c3d2f6-c0f3-4a27-b67f-9fe5ba0e4f4a",NULL,"2024-09-26 17:14:58+00",NULL,"8ec83915-a50f-4bfa-9f9e-998570c0e456","39aea156-4093-46cd-a232-d0054b484bfd","3403f56f-dcd7-45e8-a3c2-a47a6cd30481","0b876c04-1747-4374-a6b6-ca08586440c6","CAPTURE_ANALYSIS","SOURCE_UPLOAD","SAST","E5TGO9G",100,"SAST_FIRST_TIME_TRIAGE","9d0d9e51-a884-49cc-9cf1-3dc6b4bdd4d8",True,"NOT_ENTITLED",NULL,NULL,"cov_thin_client:2024.6.0"
"e27445be-103d-4d79-9e7c-70fb1f604874","6747c5f5-d185-412d-a7ae-7e674f51d606","3403f56f-dcd7-45e8-a3c2-a47a6cd30481","fe474096-083b-49eb-a12d-0cb60b76153b","137cd70d-cd75-44a5-89eb-106cec7f9c05","04fad48c-89b5-4749-a2b6-a452a2074d7b","null","COMPLETED",NULL,NULL,"2024-10-21 15:00:39+00","2024-10-21 14:58:43+00","278fac2e-f9fc-4b89-aed1-935b18c640c1",NULL,False,"8a54d8b8-fec0-4d79-9307-53314f4e6083",NULL,"2024-10-21 14:58:43+00",NULL,"53e04787-2c6a-412a-a9ec-91d56a6ca212","137cd70d-cd75-44a5-89eb-106cec7f9c05","3403f56f-dcd7-45e8-a3c2-a47a6cd30481","fe474096-083b-49eb-a12d-0cb60b76153b","IMPORT_RESULTS","THIRD_PARTY_RESULT_UPLOAD","EXTERNAL_ANALYSIS","RP3Q0ML",0,"EA_NO_TRIAGE","ef56eb7e-a79b-45e2-a228-7260364f29f7",True,"NOT_ENTITLED",NULL,NULL,"SCA-Black Duck Binary Analysis"
"1006279f-3742-4416-9dbb-a9aa7d084f07","f5840d21-788a-4119-bd7c-a4900fd1a4a2","e4cd9387-d3a3-4d29-a92c-a0fd740939da","6d4f8e71-0173-47c1-abf4-42e05b910538","829e5fd5-63c2-4bd6-8483-0ad2fa29a498","68a2f9be-284d-4a9a-bb4a-7fd66e82b94e","null","COMPLETED",NULL,"c6e09bcb-44d5-462e-a5bd-62399b5811c6","2024-10-21 20:11:30+00","2024-10-21 20:07:21+00","12f713d6-790d-4d5d-aea4-d6861b05bf83",NULL,False,"504f146a-cbdf-4e91-a8a6-11ce264bfc01",NULL,"2024-10-21 20:07:21+00",NULL,"e93c21b4-2a56-4f28-aa7e-dea143ad69dc","829e5fd5-63c2-4bd6-8483-0ad2fa29a498","e4cd9387-d3a3-4d29-a92c-a0fd740939da","6d4f8e71-0173-47c1-abf4-42e05b910538","SCA_PACKAGE","SOURCE_UPLOAD","SCA","RIOP8NE",300,"SCA_NO_TRIAGE","4eb174b2-2e33-4dc6-acb1-32710b484283",True,"NOT_ENTITLED",NULL,NULL,"synopsys_detect:9.9.0"
"54c4786f-7cd1-4c33-98b0-e02098e3121b","30b5e3c8-6727-47f6-8cd6-67b2f64d3162","bb79326c-48d0-4573-8642-3f9ac7f54e94","7d3dfb4e-c5e3-4020-8046-3b276dc1f387","87ba302c-2961-40f2-ae10-b4cdac150eff","f3a21d05-2708-41db-b1e7-ff52cb310d21","null","CANCELLED",NULL,"059f7e7b-839d-45c1-b863-1d6fb50c0c27","2024-10-22 14:09:27+00","2024-10-22 13:41:26+00","42eb1900-a323-48a5-a5ef-f8ca9159468f","4e3c890d-30ac-4b0f-b3a5-f90ba223aa39",False,"e5b35e86-5997-4e35-a31a-4f02d3d17fc7",NULL,"2024-10-22 13:41:26+00",NULL,"ffd0a5b2-1831-41be-bed7-aadaf17fd7c3","87ba302c-2961-40f2-ae10-b4cdac150eff","bb79326c-48d0-4573-8642-3f9ac7f54e94","7d3dfb4e-c5e3-4020-8046-3b276dc1f387","SCA_PACKAGE","SOURCE_UPLOAD","SCA","QZXFW25",72,"SCA_NO_TRIAGE","c0db2cb3-74c2-4b39-94b4-aa4cdef06f76",True,"NOT_ENTITLED",NULL,NULL,"synopsys_detect:9.9.0"
"7abb9fe7-5511-4988-99ba-7ec2cd3d2e6e","de467887-5a87-4ced-ae66-1fbaa9ac9da2","adb2933a-2a5b-4c52-9f30-3f94b30fe9e2","f62fa4ba-9c60-4463-9dd0-2dc14df7aaf6","61211bd0-b6ea-4a4f-ae29-fdbd8626adf6","b4424485-a346-455d-b0fb-9a15972493db","null","CANCELLED",NULL,"a7e0302f-8dcb-4330-93d5-3e7dc74e6c89","2024-10-29 09:40:42+00","2024-10-29 09:37:10+00","ef2f3acf-dfa4-4c4d-84ad-13d4a171945f","ef2f3acf-dfa4-4c4d-84ad-13d4a171945f",False,"c16de701-91e3-42d5-9d3f-6f2781e7657b",NULL,"2024-10-29 09:37:10+00",NULL,"47d76fdd-a8d5-4592-8294-062e0e6f0c2f","61211bd0-b6ea-4a4f-ae29-fdbd8626adf6","adb2933a-2a5b-4c52-9f30-3f94b30fe9e2","f62fa4ba-9c60-4463-9dd0-2dc14df7aaf6","CAPTURE_ANALYSIS","SOURCE_UPLOAD","SAST","ND6BGBF",72,"SAST_FIRST_TIME_TRIAGE","887361cc-94a8-4608-b800-d78243b81a82",True,"NOT_ENTITLED",NULL,NULL,"cov_thin_client:2024.9.0"
"86a5ece3-50d1-4fde-8b80-4c6c72e8164b","6747c5f5-d185-412d-a7ae-7e674f51d606","f01d3077-2d6f-4e1a-83db-08fd435da11a","85fb5d7f-4b50-49ea-9157-ea9ddf2e5387","e63107fb-5472-440a-837e-7cc303dc8ec3","87740e82-a59b-4444-9c8a-fee9e19eccc8","null","NOT_RUN",NULL,"f7e92a25-72e9-4f8e-941f-d9ad5f042b25","2024-10-15 23:22:49+00","2024-10-15 23:19:15+00","278fac2e-f9fc-4b89-aed1-935b18c640c1",NULL,False,NULL,NULL,"2024-10-15 23:19:15+00",NULL,"53e04787-2c6a-412a-a9ec-91d56a6ca212","e63107fb-5472-440a-837e-7cc303dc8ec3","f01d3077-2d6f-4e1a-83db-08fd435da11a","85fb5d7f-4b50-49ea-9157-ea9ddf2e5387","CAPTURE_ANALYSIS","SOURCE_UPLOAD","SAST","HA3TT3K",24,"SAST_NO_TRIAGE","0333a98d-a14f-44f8-9423-d79acd67e3bb",True,"NOT_ENTITLED",NULL,NULL,"cov_thin_client:2024.9.0"
"2bc21f71-f9bc-4c62-acb6-0d53cbe9f134","f5840d21-788a-4119-bd7c-a4900fd1a4a2","00ad75ea-a8e2-4e68-9feb-37b717d052df","1fe0757d-47f7-43a1-b054-0006f41e3b71","777e000e-4601-4a89-b993-306b12533627","645ee2d7-eff5-40c3-aeab-3c23b2810759","null","FAILED",NULL,NULL,"2024-10-01 23:39:56+00","2024-10-01 23:37:33+00","98b5889c-531c-44b6-ba7d-f95e536a46b4",NULL,False,"e99ac308-ead6-4b56-8387-6146d687f3da",NULL,"2024-10-01 23:37:33+00",NULL,"c6631634-e0c0-4bb9-9495-786d2bf246f9","777e000e-4601-4a89-b993-306b12533627","00ad75ea-a8e2-4e68-9feb-37b717d052df","1fe0757d-47f7-43a1-b054-0006f41e3b71","IMPORT_RESULTS","THIRD_PARTY_RESULT_UPLOAD","EXTERNAL_ANALYSIS","UGUS5HE",0,"EA_NO_TRIAGE","9a08447e-c92f-41f8-9203-b8a2b42667fd",True,"NOT_ENTITLED",NULL,NULL,NULL
"52d47ef4-ef3f-4073-a641-873190e5c98b","6747c5f5-d185-412d-a7ae-7e674f51d606","f01d3077-2d6f-4e1a-83db-08fd435da11a","85fb5d7f-4b50-49ea-9157-ea9ddf2e5387","43660efa-e4a1-4e7f-87a3-5213bf6e96a0","400b84fe-17a9-43b7-a41e-5ba264a8c96d","null","NOT_RUN",NULL,"3b03594b-dc69-4234-8ea3-37577fa12dea","2024-10-15 23:22:49+00","2024-10-15 23:19:15+00","278fac2e-f9fc-4b89-aed1-935b18c640c1",NULL,False,NULL,NULL,"2024-10-15 23:19:15+00",NULL,"53e04787-2c6a-412a-a9ec-91d56a6ca212","43660efa-e4a1-4e7f-87a3-5213bf6e96a0","f01d3077-2d6f-4e1a-83db-08fd435da11a","85fb5d7f-4b50-49ea-9157-ea9ddf2e5387","SCA_PACKAGE","SOURCE_UPLOAD","SCA","YBGWS5W",100,"SCA_NO_TRIAGE","0333a98d-a14f-44f8-9423-d79acd67e3bb",True,"NOT_ENTITLED",NULL,NULL,"synopsys_detect:9.9.0"
"626ad010-1e12-46bb-b821-394203490307","f5840d21-788a-4119-bd7c-a4900fd1a4a2","00ad75ea-a8e2-4e68-9feb-37b717d052df","1fe0757d-47f7-43a1-b054-0006f41e3b71","777e000e-4601-4a89-b993-306b12533627","4675f4e1-78af-410f-9c97-b535dd0ba24c","null","CANCELLED",NULL,NULL,"2024-09-27 15:28:08+00","2024-09-26 21:56:55+00","98b5889c-531c-44b6-ba7d-f95e536a46b4","98b5889c-531c-44b6-ba7d-f95e536a46b4",False,"eaa90bb1-affe-4358-b561-74152f0cebd2",NULL,"2024-09-26 21:56:55+00",NULL,"c6631634-e0c0-4bb9-9495-786d2bf246f9","777e000e-4601-4a89-b993-306b12533627","00ad75ea-a8e2-4e68-9feb-37b717d052df","1fe0757d-47f7-43a1-b054-0006f41e3b71","IMPORT_RESULTS","THIRD_PARTY_RESULT_UPLOAD","EXTERNAL_ANALYSIS","5C6FSRG",0,"EA_NO_TRIAGE","9a08447e-c92f-41f8-9203-b8a2b42667fd",True,"NOT_ENTITLED",NULL,NULL,NULL
"faca30db-fe24-4fcf-aeaf-b1c7fa6bbca4","6747c5f5-d185-412d-a7ae-7e674f51d606","3403f56f-dcd7-45e8-a3c2-a47a6cd30481","04dc0b1a-855c-43b9-9a6e-d2953e66207c","b0176964-c34b-48cc-a543-c33309a02dff","4f037aad-042b-46bd-9c0d-8f78e1553aec",NULL,"COMPLETED",NULL,"798a6b23-d3b8-444a-afc3-4c80aee70ec4","2024-09-06 23:23:46+00","2024-09-06 23:19:38+00","278fac2e-f9fc-4b89-aed1-935b18c640c1","278fac2e-f9fc-4b89-aed1-935b18c640c1",False,"4a3f8337-9c29-4ecd-9590-1d972cc743c1",NULL,"2024-09-06 23:19:38+00",NULL,"8ec83915-a50f-4bfa-9f9e-998570c0e456","b0176964-c34b-48cc-a543-c33309a02dff","3403f56f-dcd7-45e8-a3c2-a47a6cd30481","04dc0b1a-855c-43b9-9a6e-d2953e66207c","SCA_SIGNATURE","CI","SCA","QFW2434",100,"SCA_NO_TRIAGE_ONLY_MATCHING","2f9277c0-91e8-4794-acaa-f6aa41b331fd",True,"NOT_ENTITLED",NULL,NULL,"synopsys_detect:9.9.0"
"0f3b9ef4-cf1b-4123-a41e-7c846a5143e2","30b5e3c8-6727-47f6-8cd6-67b2f64d3162","947afbea-3436-495f-a84f-0c5cabdf8fb7","ed350c57-b5cf-49b3-9537-ab44829d1421","d2a21f07-3d40-4961-907c-3909c9050bca","996ec35e-d3a7-4daf-9ea0-c069128c6a15","null","CANCELLED",NULL,"29656e03-311b-41b0-b28f-a907c09eabc6","2024-09-30 12:48:58+00","2024-09-17 06:58:30+00","42eb1900-a323-48a5-a5ef-f8ca9159468f","42eb1900-a323-48a5-a5ef-f8ca9159468f",False,"b00077fc-cf8d-4f68-bcec-1b4ba6c104d3",NULL,"2024-09-17 06:58:30+00",NULL,"a84c9697-4505-46b0-9a32-98d071e04730","d2a21f07-3d40-4961-907c-3909c9050bca","947afbea-3436-495f-a84f-0c5cabdf8fb7","ed350c57-b5cf-49b3-9537-ab44829d1421","CAPTURE_ANALYSIS","SOURCE_UPLOAD","SAST","WWTB7TS",336,"SAST_NO_TRIAGE","2dbb8e58-56ac-48c2-a5e7-ff8beb406030",True,"NOT_ENTITLED",NULL,NULL,"cov_thin_client:2024.6.0"
"9a0ac68a-d730-45ae-882a-decb4969d788","6747c5f5-d185-412d-a7ae-7e674f51d606","b7ef55b7-aeac-4204-85cd-0ab98608b364","49141d92-2895-47c5-8974-a082e34c9060","39aea156-4093-46cd-a232-d0054b484bfd","c27fba0d-1a7e-452d-a27b-71bc0f09f42d","null","ANALYSIS",NULL,"e986f01e-cd51-48ff-8e77-a8080f7eb078","2024-10-07 17:47:01+00","2024-10-07 17:35:23+00","278fac2e-f9fc-4b89-aed1-935b18c640c1",NULL,True,"28b1071a-d65a-4526-be5c-922052e00135",NULL,"2024-10-07 17:35:23+00",NULL,"8ec83915-a50f-4bfa-9f9e-998570c0e456","39aea156-4093-46cd-a232-d0054b484bfd","b7ef55b7-aeac-4204-85cd-0ab98608b364","49141d92-2895-47c5-8974-a082e34c9060","CAPTURE_ANALYSIS","SOURCE_UPLOAD","SAST","N1CUTQB",100,"SAST_FIRST_TIME_TRIAGE","c53ae473-51ac-46be-b437-74be3161c9ff",True,"NOT_ENTITLED",NULL,NULL,"cov_thin_client:2024.9.0"
"a077523c-683e-407d-8af6-db0c52fd4ae1","6747c5f5-d185-412d-a7ae-7e674f51d606","3403f56f-dcd7-45e8-a3c2-a47a6cd30481","0b876c04-1747-4374-a6b6-ca08586440c6","39aea156-4093-46cd-a232-d0054b484bfd","7c85067e-49c9-4271-944a-1ec1ca755166","null","COMPLETED",NULL,"5f3e465d-42bb-401d-aea7-a534fc448557","2024-09-18 21:02:40+00","2024-09-18 20:40:27+00","278fac2e-f9fc-4b89-aed1-935b18c640c1",NULL,False,"99e7050b-8d91-4e21-9c75-3073779bcc25",NULL,"2024-09-18 20:40:27+00",NULL,"8ec83915-a50f-4bfa-9f9e-998570c0e456","39aea156-4093-46cd-a232-d0054b484bfd","3403f56f-dcd7-45e8-a3c2-a47a6cd30481","0b876c04-1747-4374-a6b6-ca08586440c6","CAPTURE_ANALYSIS","SCM","SAST","C1AELHT",100,"SAST_SCM_FIRST_TIME_TRIAGE","6754107e-bf32-498a-8f43-564272ba0f8e",False,"NOT_ENTITLED",NULL,NULL,"cov_thin_client:2024.6.0"
"ba34a2b6-31c1-40e3-b473-647732d2dfbf","f5840d21-788a-4119-bd7c-a4900fd1a4a2","00ad75ea-a8e2-4e68-9feb-37b717d052df","e087705d-9eb9-45f8-9326-a01a890bad0e","67c17ed0-e100-49ac-b2e1-7d7cbc4253ef","b4012ad9-5c60-4ec1-83e5-82582949d62e","null","COMPLETED",NULL,"5c163625-307c-438a-8846-41024ee813f1","2024-10-20 16:09:54+00","2024-10-20 15:51:53+00","98b5889c-531c-44b6-ba7d-f95e536a46b4",NULL,False,"6bcc4262-3ebf-4d60-80a2-c3c283af0585",NULL,"2024-10-20 15:51:53+00",NULL,"2be67c44-11ec-4cca-9c87-2a5736fcefa2","67c17ed0-e100-49ac-b2e1-7d7cbc4253ef","00ad75ea-a8e2-4e68-9feb-37b717d052df","e087705d-9eb9-45f8-9326-a01a890bad0e","CAPTURE_ANALYSIS","SOURCE_UPLOAD","SAST","8TM9PQK",120,"SAST_NO_TRIAGE","348eea92-0a40-4247-90af-75382b3e6ed3",True,"NOT_ENTITLED",NULL,NULL,"cov_thin_client:2024.9.0"
"5fc4125d-6eee-48f6-a147-584cbc528080","f5840d21-788a-4119-bd7c-a4900fd1a4a2","df9f00cc-8570-4494-90a7-84deab77c853","fcc99951-2a4c-48a2-9b25-b6bd5705fd1c","3b7f4818-38a0-4409-a546-59b8002f82d0","a4296795-6667-4c27-8e67-d128e2a60b27","null","COMPLETED",NULL,"a449d3cf-32f1-4e62-a0fa-2a7be4a8f4b1","2024-10-24 13:29:12+00","2024-10-24 13:25:18+00","fb3996e6-d7c6-4c80-9009-4aa252305a65",NULL,False,"24227e3b-392a-4034-936e-f0927cb64fc3",NULL,"2024-10-24 13:25:18+00",NULL,"8f7d336e-9915-43a9-979e-f516ad827bca","3b7f4818-38a0-4409-a546-59b8002f82d0","df9f00cc-8570-4494-90a7-84deab77c853","fcc99951-2a4c-48a2-9b25-b6bd5705fd1c","SCA_PACKAGE","SOURCE_UPLOAD","SCA","HHTE632",27,"SCA_NO_TRIAGE","9b2b1b89-7900-40e4-9b84-d8d0a60dfe10",True,"NOT_ENTITLED",NULL,NULL,"synopsys_detect:9.9.0"
"ebd52f96-f22e-4ddb-94a8-5da29b3b2e59","f5840d21-788a-4119-bd7c-a4900fd1a4a2","df9f00cc-8570-4494-90a7-84deab77c853","fcc99951-2a4c-48a2-9b25-b6bd5705fd1c","ae1209ee-0721-4110-80e6-3dfc18aabb45","f680cba4-f0eb-4766-af76-aa99083cd99a","null","COMPLETED",NULL,"b5270185-fe66-41e9-be01-2fdbd4a8a9a8","2024-10-24 13:32:11+00","2024-10-24 13:25:19+00","fb3996e6-d7c6-4c80-9009-4aa252305a65",NULL,False,"438fcd33-062e-4961-bf51-2243e44fd2b0",NULL,"2024-10-24 13:25:19+00",NULL,"8f7d336e-9915-43a9-979e-f516ad827bca","ae1209ee-0721-4110-80e6-3dfc18aabb45","df9f00cc-8570-4494-90a7-84deab77c853","fcc99951-2a4c-48a2-9b25-b6bd5705fd1c","CAPTURE_ANALYSIS","SOURCE_UPLOAD","SAST","BI75VLG",27,"SAST_NO_TRIAGE","9b2b1b89-7900-40e4-9b84-d8d0a60dfe10",True,"NOT_ENTITLED",NULL,NULL,"cov_thin_client:2024.9.0"
"3e49bd03-50e3-4b37-a816-fc152cace04f","f5840d21-788a-4119-bd7c-a4900fd1a4a2","df76cc31-dd0d-4514-89c3-6cac5221bf34","241e2642-a603-4748-9c48-542ddbe1f1ad","6e7a2925-41b9-48e4-9708-dc6fdb47c94f","0521377b-e9ff-4ec5-9bb1-4de3a911df1b","","PENDING_REVIEW_TRANSLATION",NULL,"85a4ebee-a858-4fcc-ace0-ed8e3c39fa87","2024-10-25 16:03:59+00","2024-10-25 15:58:09+00","f35f36b8-771f-4fae-951e-805a0940f27c",NULL,False,"5cc4c227-e54d-47d3-8a85-995d32f5bf90",NULL,"2024-10-25 15:58:09+00",NULL,"010412b5-22b8-44ed-a37f-1c5482a9d598","6e7a2925-41b9-48e4-9708-dc6fdb47c94f","df76cc31-dd0d-4514-89c3-6cac5221bf34","241e2642-a603-4748-9c48-542ddbe1f1ad","CAPTURE_ANALYSIS","SCM","SAST","DQ9X8FG",336,"SAST_SCM_ALWAYS_TRIAGE","eaa431f1-780c-4aff-a6c3-44a21a931e7f",True,"REQUIRED",NULL,NULL,"cov_thin_client:2024.9.0"
"50bcaf93-3a8a-4088-9ff7-1a94b1ac9d35","6747c5f5-d185-412d-a7ae-7e674f51d606","3403f56f-dcd7-45e8-a3c2-a47a6cd30481","0b876c04-1747-4374-a6b6-ca08586440c6","39aea156-4093-46cd-a232-d0054b484bfd","75907c83-c6ca-48b3-bfd5-52cef4ef5e08","","COMPLETED",NULL,"faa3648b-7c03-4688-ad76-da832ca1eda2","2024-09-26 18:26:12+00","2024-09-26 18:01:07+00","83051d7f-9143-4efe-95dd-9953fc7dba79",NULL,False,"004875f9-018d-49d6-a5d5-5cd8bea48a63",NULL,"2024-09-26 18:01:07+00",NULL,"8ec83915-a50f-4bfa-9f9e-998570c0e456","39aea156-4093-46cd-a232-d0054b484bfd","3403f56f-dcd7-45e8-a3c2-a47a6cd30481","0b876c04-1747-4374-a6b6-ca08586440c6","CAPTURE_ANALYSIS","SCM","SAST","36M72N0",100,"SAST_SCM_FIRST_TIME_TRIAGE","9d0d9e51-a884-49cc-9cf1-3dc6b4bdd4d8",True,"NOT_ENTITLED",NULL,NULL,"cov_thin_client:2024.6.0"
"bf45f4d1-fd27-45a2-b525-afe818fe6c55","6747c5f5-d185-412d-a7ae-7e674f51d606","3403f56f-dcd7-45e8-a3c2-a47a6cd30481","fe474096-083b-49eb-a12d-0cb60b76153b","137cd70d-cd75-44a5-89eb-106cec7f9c05","65ea7a62-36e7-4179-8dfe-f3c714068600","null","COMPLETED",NULL,NULL,"2024-10-21 15:09:12+00","2024-10-21 15:07:40+00","278fac2e-f9fc-4b89-aed1-935b18c640c1",NULL,False,"d0388e14-6715-4732-a860-6970ea73e909",NULL,"2024-10-21 15:07:40+00",NULL,"53e04787-2c6a-412a-a9ec-91d56a6ca212","137cd70d-cd75-44a5-89eb-106cec7f9c05","3403f56f-dcd7-45e8-a3c2-a47a6cd30481","fe474096-083b-49eb-a12d-0cb60b76153b","IMPORT_RESULTS","THIRD_PARTY_RESULT_UPLOAD","EXTERNAL_ANALYSIS","YZHZZ0C",0,"EA_NO_TRIAGE","ef56eb7e-a79b-45e2-a228-7260364f29f7",True,"NOT_ENTITLED",NULL,NULL,"SCA-Black Duck Binary Analysis"
"ac9116ba-7ff0-4a8f-a623-b6e30374167e","f5840d21-788a-4119-bd7c-a4900fd1a4a2","e4cd9387-d3a3-4d29-a92c-a0fd740939da","6d4f8e71-0173-47c1-abf4-42e05b910538","dab96cfb-5a41-4a59-ae8a-9c1216e59dd7","c3e0e078-ff7d-4c64-85e3-e968dd53f3c1","null","COMPLETED",NULL,"80df71c5-1488-4d55-bfee-ddd4d3b33409","2024-10-21 20:11:42+00","2024-10-21 20:07:21+00","12f713d6-790d-4d5d-aea4-d6861b05bf83",NULL,False,"ea193d5f-6196-4ede-aa52-f4f6f0ce98d3",NULL,"2024-10-21 20:07:21+00",NULL,"443e4755-7113-4c70-ae26-f056eed08bea","dab96cfb-5a41-4a59-ae8a-9c1216e59dd7","e4cd9387-d3a3-4d29-a92c-a0fd740939da","6d4f8e71-0173-47c1-abf4-42e05b910538","CAPTURE_ANALYSIS","SOURCE_UPLOAD","SAST","C7F4GGP",336,"SAST_ALWAYS_TRIAGE","4eb174b2-2e33-4dc6-acb1-32710b484283",True,"NOT_REQUIRED",NULL,NULL,"cov_thin_client:2024.9.0"
"bbd8aefd-933c-4f6c-b3b8-94041762f8be","30b5e3c8-6727-47f6-8cd6-67b2f64d3162","cdda2934-f662-44c1-9772-2e1046b33889","104165fb-3d76-42b2-aa81-13895129d484","73e4c8a1-363d-4b71-b1fd-05b85a4016c2","5d2a3d0e-bf2e-4060-bdcb-1f005094a4e9","null","COMPLETED",NULL,"f5d107b0-a813-4c5c-a30c-cecd4b37268c","2024-10-22 14:12:11+00","2024-10-17 16:55:10+00","42eb1900-a323-48a5-a5ef-f8ca9159468f","4e3c890d-30ac-4b0f-b3a5-f90ba223aa39",False,"dc3faafe-7f86-4dde-abbe-02162be52720",NULL,"2024-10-17 16:55:10+00",NULL,"d45039f8-b75a-4a86-ac8d-7f7b07e07884","73e4c8a1-363d-4b71-b1fd-05b85a4016c2","cdda2934-f662-44c1-9772-2e1046b33889","104165fb-3d76-42b2-aa81-13895129d484","CAPTURE_ANALYSIS","SOURCE_UPLOAD","SAST","CCXUCFO",24,"SAST_FIRST_TIME_TRIAGE","8b0159cf-b6bd-4650-943c-84ca4a72265a",True,"NOT_ENTITLED",NULL,NULL,"cov_thin_client:2024.9.0"
"942d6d64-e7c9-4857-aa97-b98b3a44f751","f5840d21-788a-4119-bd7c-a4900fd1a4a2","00ad75ea-a8e2-4e68-9feb-37b717d052df","aa6b4a6c-ce0a-4b2e-bc1f-a4d8c7ff9836","67c17ed0-e100-49ac-b2e1-7d7cbc4253ef","6475a527-cb33-41d7-a343-2f1acd94c38b","null","COMPLETED",NULL,"40a84b18-2918-4667-b45f-b9a8ad37228e","2024-10-22 23:24:25+00","2024-10-22 21:57:39+00","98b5889c-531c-44b6-ba7d-f95e536a46b4",NULL,False,"70e4141e-47f0-40ef-8404-8eea0e530c69",NULL,"2024-10-22 21:57:39+00",NULL,"2be67c44-11ec-4cca-9c87-2a5736fcefa2","67c17ed0-e100-49ac-b2e1-7d7cbc4253ef","00ad75ea-a8e2-4e68-9feb-37b717d052df","aa6b4a6c-ce0a-4b2e-bc1f-a4d8c7ff9836","CAPTURE_ANALYSIS","SOURCE_UPLOAD","SAST","5E995E6",120,"SAST_NO_TRIAGE","ab4abd7e-c67c-40c2-bef6-84b5ce043e42",True,"NOT_ENTITLED",NULL,NULL,"cov_thin_client:2024.9.0"
"ad01065d-d26a-4158-9d36-9ee6b791223a","30b5e3c8-6727-47f6-8cd6-67b2f64d3162","cdda2934-f662-44c1-9772-2e1046b33889","104165fb-3d76-42b2-aa81-13895129d484","73e4c8a1-363d-4b71-b1fd-05b85a4016c2","2d4c6f4e-ce5b-4dc5-93a9-12ba39f9265e","null","COMPLETED",NULL,"f5d107b0-a813-4c5c-a30c-cecd4b37268c","2024-10-23 08:53:43+00","2024-10-23 08:48:04+00","42eb1900-a323-48a5-a5ef-f8ca9159468f",NULL,False,"1851679f-5a07-4bd9-a518-c512adf11fb1",NULL,"2024-10-23 08:48:04+00",NULL,"d45039f8-b75a-4a86-ac8d-7f7b07e07884","73e4c8a1-363d-4b71-b1fd-05b85a4016c2","cdda2934-f662-44c1-9772-2e1046b33889","104165fb-3d76-42b2-aa81-13895129d484","CAPTURE_ANALYSIS","SOURCE_UPLOAD","SAST","O2WG9X1",24,"SAST_FIRST_TIME_TRIAGE","8b0159cf-b6bd-4650-943c-84ca4a72265a",True,"NOT_ENTITLED",NULL,NULL,"cov_thin_client:2024.9.0"
"8ea4d952-d87e-47c0-9f2e-f225e6f356b1","be0acbaa-1e9e-4ce7-90aa-e6bc1020be58","73d011a1-6aae-403b-85e7-1e3c4608a977",NULL,"ed758223-f4c4-41dc-9c23-6e0f846f480c","a3397d82-4e86-4b78-945c-66b25c5866ae","null","COMPLETED",NULL,NULL,"2024-09-19 11:25:24+00","2024-09-19 11:23:22+00","a257d578-c39c-4e10-9252-2c017c88cd4d",NULL,False,"6d77db2b-a235-4708-9f56-ca987105a660",NULL,"2024-09-19 11:23:22+00",NULL,"e6f13731-c3e1-48e1-8259-1c3f696fe63a","ed758223-f4c4-41dc-9c23-6e0f846f480c","73d011a1-6aae-403b-85e7-1e3c4608a977",NULL,"DYNAMIC_PREFLIGHT","DAST_PREFLIGHT","DAST","8ZAL6AA",336,"DAST_PREFLIGHT_NO_TRIAGE",NULL,False,"NOT_ENTITLED",NULL,"-405605329",NULL
"f80d53e8-2c04-46d8-b986-2800d9ca1424","f5840d21-788a-4119-bd7c-a4900fd1a4a2","7c7feac1-4485-4080-8d05-f5115a7710c4","77897a60-319d-44ff-bb86-882dfd38c0ae","829e5fd5-63c2-4bd6-8483-0ad2fa29a498","bce35429-8844-49eb-9034-0175d53e3735","null","COMPLETED",NULL,"ba8b42a2-7ed7-4958-a5cb-011c297f483b","2024-11-05 20:54:09+00","2024-11-05 20:45:52+00","98b5889c-531c-44b6-ba7d-f95e536a46b4",NULL,False,"8bddf5b6-cea9-4e44-9683-3ae76add0ded",NULL,"2024-11-05 20:45:52+00",NULL,"e93c21b4-2a56-4f28-aa7e-dea143ad69dc","829e5fd5-63c2-4bd6-8483-0ad2fa29a498","7c7feac1-4485-4080-8d05-f5115a7710c4","77897a60-319d-44ff-bb86-882dfd38c0ae","SCA_PACKAGE","SOURCE_UPLOAD","SCA","MQM72TV",300,"SCA_NO_TRIAGE","b42eff2c-cabc-4aae-8885-6769e633cf6e",True,"NOT_ENTITLED",NULL,NULL,"synopsys_detect:9.9.0"
"99335eba-5332-45ac-80ac-fb7baa5f94d5","6747c5f5-d185-412d-a7ae-7e674f51d606","3403f56f-dcd7-45e8-a3c2-a47a6cd30481","04dc0b1a-855c-43b9-9a6e-d2953e66207c","b0176964-c34b-48cc-a543-c33309a02dff","18e509c3-8b9c-4967-ab11-2935c0793e78","null","COMPLETED",NULL,"6063e6bc-ae48-42ef-b955-1545f3370949","2024-09-06 23:36:11+00","2024-09-06 23:30:19+00","278fac2e-f9fc-4b89-aed1-935b18c640c1",NULL,False,"a89ad410-c590-4e20-840f-b5f142685693",NULL,"2024-09-06 23:30:19+00",NULL,"8ec83915-a50f-4bfa-9f9e-998570c0e456","b0176964-c34b-48cc-a543-c33309a02dff","3403f56f-dcd7-45e8-a3c2-a47a6cd30481","04dc0b1a-855c-43b9-9a6e-d2953e66207c","SCA_PACKAGE","SOURCE_UPLOAD","SCA","WFNIAIT",100,"SCA_NO_TRIAGE","2f9277c0-91e8-4794-acaa-f6aa41b331fd",True,"NOT_ENTITLED",NULL,NULL,"synopsys_detect:9.9.0"
"c34c825d-2b77-4d3a-b1b2-b6ab322c1e64","f5840d21-788a-4119-bd7c-a4900fd1a4a2","37d647ea-db5f-4301-afbc-59c0fac18314","a46e4e53-fa35-4ad1-abc9-5c30d43ab5a9","777e000e-4601-4a89-b993-306b12533627","78132841-ce61-49a5-a223-a0d2faf9787d","null","FAILED",NULL,NULL,"2024-09-27 05:30:45+00","2024-09-27 05:29:13+00","3781c445-b854-4b6b-8dac-aa30ae62f049",NULL,False,"2bb4c1a5-02ef-4878-935b-22be290dbca5",NULL,"2024-09-27 05:29:13+00",NULL,"c6631634-e0c0-4bb9-9495-786d2bf246f9","777e000e-4601-4a89-b993-306b12533627","37d647ea-db5f-4301-afbc-59c0fac18314","a46e4e53-fa35-4ad1-abc9-5c30d43ab5a9","IMPORT_RESULTS","THIRD_PARTY_RESULT_UPLOAD","EXTERNAL_ANALYSIS","03CXA1T",0,"EA_NO_TRIAGE","812ae257-a418-479c-bd81-e82587fb7075",True,"NOT_ENTITLED",NULL,NULL,NULL
"e739c15d-89fe-4753-acae-f3975ed6a719","f5840d21-788a-4119-bd7c-a4900fd1a4a2","df76cc31-dd0d-4514-89c3-6cac5221bf34","241e2642-a603-4748-9c48-542ddbe1f1ad","6e7a2925-41b9-48e4-9708-dc6fdb47c94f","b08c0218-4b3f-4476-85c9-2101950eb684","","NOT_RUN",NULL,"85a4ebee-a858-4fcc-ace0-ed8e3c39fa87","2024-10-30 16:02:48+00","2024-10-29 15:58:09+00","f35f36b8-771f-4fae-951e-805a0940f27c",NULL,False,NULL,NULL,"2024-10-29 15:58:09+00",NULL,"010412b5-22b8-44ed-a37f-1c5482a9d598","6e7a2925-41b9-48e4-9708-dc6fdb47c94f","df76cc31-dd0d-4514-89c3-6cac5221bf34","241e2642-a603-4748-9c48-542ddbe1f1ad","CAPTURE_ANALYSIS","SCM","SAST","LAHJK5O",336,"SAST_SCM_ALWAYS_TRIAGE","eaa431f1-780c-4aff-a6c3-44a21a931e7f",True,"REQUIRED",NULL,NULL,"cov_thin_client:2024.9.0"
"afe7c760-d530-4417-86ab-f6db1745badd","6747c5f5-d185-412d-a7ae-7e674f51d606","f01d3077-2d6f-4e1a-83db-08fd435da11a","85fb5d7f-4b50-49ea-9157-ea9ddf2e5387","43660efa-e4a1-4e7f-87a3-5213bf6e96a0","95d14ca2-619f-4879-85fb-fae4c6e232d3","null","COMPLETED",NULL,"3b03594b-dc69-4234-8ea3-37577fa12dea","2024-10-15 23:25:39+00","2024-10-15 23:19:50+00","278fac2e-f9fc-4b89-aed1-935b18c640c1",NULL,False,"cd4dfe13-653f-4780-a7be-86eb6f63edca",NULL,"2024-10-15 23:19:50+00",NULL,"53e04787-2c6a-412a-a9ec-91d56a6ca212","43660efa-e4a1-4e7f-87a3-5213bf6e96a0","f01d3077-2d6f-4e1a-83db-08fd435da11a","85fb5d7f-4b50-49ea-9157-ea9ddf2e5387","SCA_PACKAGE","SOURCE_UPLOAD","SCA","G4JERK3",100,"SCA_NO_TRIAGE","0333a98d-a14f-44f8-9423-d79acd67e3bb",True,"NOT_ENTITLED",NULL,NULL,"synopsys_detect:9.9.0"
"12e117f8-fc8c-4613-bcec-8e1da886e22c","f5840d21-788a-4119-bd7c-a4900fd1a4a2","00ad75ea-a8e2-4e68-9feb-37b717d052df","1fe0757d-47f7-43a1-b054-0006f41e3b71","777e000e-4601-4a89-b993-306b12533627","2d8c288b-e3dc-4366-b7af-07c7cb5c95ad","null","COMPLETED",NULL,NULL,"2024-10-01 23:43:15+00","2024-10-01 23:42:20+00","98b5889c-531c-44b6-ba7d-f95e536a46b4",NULL,False,"7760f834-df11-4696-bceb-2a83faaeafa6",NULL,"2024-10-01 23:42:20+00",NULL,"c6631634-e0c0-4bb9-9495-786d2bf246f9","777e000e-4601-4a89-b993-306b12533627","00ad75ea-a8e2-4e68-9feb-37b717d052df","1fe0757d-47f7-43a1-b054-0006f41e3b71","IMPORT_RESULTS","THIRD_PARTY_RESULT_UPLOAD","EXTERNAL_ANALYSIS","5H69L2K",0,"EA_NO_TRIAGE","9a08447e-c92f-41f8-9203-b8a2b42667fd",True,"NOT_ENTITLED",NULL,NULL,"SAST-Veracode"
"caa7721c-4bfe-4fb4-bf0a-482130f9b1ab","6747c5f5-d185-412d-a7ae-7e674f51d606","b7ef55b7-aeac-4204-85cd-0ab98608b364","49141d92-2895-47c5-8974-a082e34c9060","b0176964-c34b-48cc-a543-c33309a02dff","8933d333-eee4-43b6-89f6-39e0ddbea32a","null","COMPLETED",NULL,"f6e0ebec-9a2f-40e9-94d1-d2c4eff2bc6a","2024-10-07 17:47:01+00","2024-10-07 17:35:23+00","278fac2e-f9fc-4b89-aed1-935b18c640c1",NULL,True,"121ef7b5-34c5-4f95-8488-1d631bd7b078",NULL,"2024-10-07 17:35:23+00",NULL,"8ec83915-a50f-4bfa-9f9e-998570c0e456","b0176964-c34b-48cc-a543-c33309a02dff","b7ef55b7-aeac-4204-85cd-0ab98608b364","49141d92-2895-47c5-8974-a082e34c9060","SCA_PACKAGE","SOURCE_UPLOAD","SCA","M17DQB2",100,"SCA_NO_TRIAGE","c53ae473-51ac-46be-b437-74be3161c9ff",True,"NOT_ENTITLED",NULL,NULL,"synopsys_detect:9.9.0"
"2933650a-c482-46bb-8d49-9c9bb1c287dc","30b5e3c8-6727-47f6-8cd6-67b2f64d3162","cdda2934-f662-44c1-9772-2e1046b33889","104165fb-3d76-42b2-aa81-13895129d484","87ba302c-2961-40f2-ae10-b4cdac150eff","6010c29f-5ffb-4422-b278-0e83d54fd823","null","COMPLETED",NULL,"be5c3bc9-716f-48e4-ac81-569c57e0cfef","2024-10-17 16:59:38+00","2024-10-17 16:55:11+00","42eb1900-a323-48a5-a5ef-f8ca9159468f",NULL,False,"0d2dab84-6832-4b43-87a1-d4a751f8e7fc",NULL,"2024-10-17 16:55:11+00",NULL,"ffd0a5b2-1831-41be-bed7-aadaf17fd7c3","87ba302c-2961-40f2-ae10-b4cdac150eff","cdda2934-f662-44c1-9772-2e1046b33889","104165fb-3d76-42b2-aa81-13895129d484","SCA_PACKAGE","SOURCE_UPLOAD","SCA","S3U49QW",72,"SCA_NO_TRIAGE","8b0159cf-b6bd-4650-943c-84ca4a72265a",True,"NOT_ENTITLED",NULL,NULL,"synopsys_detect:9.9.0"
"688db43d-9628-4636-9b48-a41b1d2f1e02","f5840d21-788a-4119-bd7c-a4900fd1a4a2","00ad75ea-a8e2-4e68-9feb-37b717d052df","e087705d-9eb9-45f8-9326-a01a890bad0e","dc46a969-b74a-4fc5-b8b6-e259ba2c6d60","99a0447b-1390-4219-9f44-45b1a640015e","null","COMPLETED",NULL,"92a4250c-3f9f-4e78-8267-5602980e9c54","2024-10-20 15:56:04+00","2024-10-20 15:51:54+00","98b5889c-531c-44b6-ba7d-f95e536a46b4",NULL,False,"ad3f8666-54e7-40fb-8167-2f8e997e4749",NULL,"2024-10-20 15:51:54+00",NULL,"2be67c44-11ec-4cca-9c87-2a5736fcefa2","dc46a969-b74a-4fc5-b8b6-e259ba2c6d60","00ad75ea-a8e2-4e68-9feb-37b717d052df","e087705d-9eb9-45f8-9326-a01a890bad0e","SCA_PACKAGE","SOURCE_UPLOAD","SCA","ZZV5Y7O",72,"SCA_NO_TRIAGE","348eea92-0a40-4247-90af-75382b3e6ed3",True,"NOT_ENTITLED",NULL,NULL,"synopsys_detect:9.9.0"
"3152a796-c448-4b40-891d-134161c1cbee","6747c5f5-d185-412d-a7ae-7e674f51d606","3403f56f-dcd7-45e8-a3c2-a47a6cd30481","0b876c04-1747-4374-a6b6-ca08586440c6","b0176964-c34b-48cc-a543-c33309a02dff","e98f5608-d895-44e2-a5aa-65ce01996267","","COMPLETED",NULL,"496b39d9-6c06-4826-9618-189d5315c9ea","2024-09-26 18:13:42+00","2024-09-26 18:01:07+00","83051d7f-9143-4efe-95dd-9953fc7dba79",NULL,False,"6b08e7d4-2db5-4e75-a8c3-6db50bf30279",NULL,"2024-09-26 18:01:07+00",NULL,"8ec83915-a50f-4bfa-9f9e-998570c0e456","b0176964-c34b-48cc-a543-c33309a02dff","3403f56f-dcd7-45e8-a3c2-a47a6cd30481","0b876c04-1747-4374-a6b6-ca08586440c6","SCA_PACKAGE","SCM","SCA","N9OPPD9",100,"SCA_SCM_NO_TRIAGE","9d0d9e51-a884-49cc-9cf1-3dc6b4bdd4d8",True,"NOT_ENTITLED",NULL,NULL,"synopsys_detect:9.9.0"
"74d0aa4d-2a39-4ca4-9f52-a33fff506189","6747c5f5-d185-412d-a7ae-7e674f51d606","3403f56f-dcd7-45e8-a3c2-a47a6cd30481","0b876c04-1747-4374-a6b6-ca08586440c6","137cd70d-cd75-44a5-89eb-106cec7f9c05","8a1a7956-cc2c-4878-94ae-5ddf4bde6d49","null","COMPLETED",NULL,NULL,"2024-10-17 20:56:36+00","2024-10-17 20:55:41+00","278fac2e-f9fc-4b89-aed1-935b18c640c1",NULL,False,"05620dd0-12a3-4d89-a724-5fa99220229d",NULL,"2024-10-17 20:55:41+00",NULL,"53e04787-2c6a-412a-a9ec-91d56a6ca212","137cd70d-cd75-44a5-89eb-106cec7f9c05","3403f56f-dcd7-45e8-a3c2-a47a6cd30481","0b876c04-1747-4374-a6b6-ca08586440c6","IMPORT_RESULTS","THIRD_PARTY_RESULT_UPLOAD","EXTERNAL_ANALYSIS","D8JI9NS",0,"EA_NO_TRIAGE","9d0d9e51-a884-49cc-9cf1-3dc6b4bdd4d8",True,"NOT_ENTITLED",NULL,NULL,"SAST-Veracode"
"73acdcfc-ec77-40c7-8221-48ab953f3137","f5840d21-788a-4119-bd7c-a4900fd1a4a2","df76cc31-dd0d-4514-89c3-6cac5221bf34","241e2642-a603-4748-9c48-542ddbe1f1ad","6e7a2925-41b9-48e4-9708-dc6fdb47c94f","685ae868-3250-4fb9-b649-bf13584b4206","","NOT_RUN",NULL,"85a4ebee-a858-4fcc-ace0-ed8e3c39fa87","2024-11-04 16:01:48+00","2024-11-03 15:58:09+00","f35f36b8-771f-4fae-951e-805a0940f27c",NULL,False,NULL,NULL,"2024-11-03 15:58:09+00",NULL,"010412b5-22b8-44ed-a37f-1c5482a9d598","6e7a2925-41b9-48e4-9708-dc6fdb47c94f","df76cc31-dd0d-4514-89c3-6cac5221bf34","241e2642-a603-4748-9c48-542ddbe1f1ad","CAPTURE_ANALYSIS","SCM","SAST","7JV7BPD",336,"SAST_SCM_ALWAYS_TRIAGE","eaa431f1-780c-4aff-a6c3-44a21a931e7f",True,"REQUIRED",NULL,NULL,"cov_thin_client:2024.9.0"
"344f17ac-4c86-4227-8599-ee884d648fa5","6747c5f5-d185-412d-a7ae-7e674f51d606","3403f56f-dcd7-45e8-a3c2-a47a6cd30481","fe474096-083b-49eb-a12d-0cb60b76153b","137cd70d-cd75-44a5-89eb-106cec7f9c05","9a417e14-bfcf-4ec5-88be-72d72b8489aa","null","COMPLETED",NULL,NULL,"2024-10-21 16:14:01+00","2024-10-21 16:11:05+00","278fac2e-f9fc-4b89-aed1-935b18c640c1",NULL,False,"8836a065-5e2f-46f6-bab6-107bb358db01",NULL,"2024-10-21 16:11:05+00",NULL,"53e04787-2c6a-412a-a9ec-91d56a6ca212","137cd70d-cd75-44a5-89eb-106cec7f9c05","3403f56f-dcd7-45e8-a3c2-a47a6cd30481","fe474096-083b-49eb-a12d-0cb60b76153b","IMPORT_RESULTS","THIRD_PARTY_RESULT_UPLOAD","EXTERNAL_ANALYSIS","D7SGVVX",0,"EA_NO_TRIAGE","ef56eb7e-a79b-45e2-a228-7260364f29f7",True,"NOT_ENTITLED",NULL,NULL,"SAST-Checkmarx"
"e8a075cb-caaa-4d26-a66f-4661d7637e4b","6747c5f5-d185-412d-a7ae-7e674f51d606","3403f56f-dcd7-45e8-a3c2-a47a6cd30481","0b876c04-1747-4374-a6b6-ca08586440c6","b0176964-c34b-48cc-a543-c33309a02dff","cc26b2ba-3d1d-49f8-8768-a0d039d0c35d","","COMPLETED",NULL,"496b39d9-6c06-4826-9618-189d5315c9ea","2024-10-24 18:07:39+00","2024-10-24 18:01:07+00","83051d7f-9143-4efe-95dd-9953fc7dba79",NULL,False,"aa3902a4-31c0-45f0-bc15-4c7c62bb0f3c",NULL,"2024-10-24 18:01:07+00",NULL,"8ec83915-a50f-4bfa-9f9e-998570c0e456","b0176964-c34b-48cc-a543-c33309a02dff","3403f56f-dcd7-45e8-a3c2-a47a6cd30481","0b876c04-1747-4374-a6b6-ca08586440c6","SCA_PACKAGE","SCM","SCA","E1RLVKD",100,"SCA_SCM_NO_TRIAGE","9d0d9e51-a884-49cc-9cf1-3dc6b4bdd4d8",True,"NOT_ENTITLED",NULL,NULL,"synopsys_detect:9.9.0"
"f5f25284-a2a9-433f-8754-32721e795ddd","6747c5f5-d185-412d-a7ae-7e674f51d606","3403f56f-dcd7-45e8-a3c2-a47a6cd30481","0b876c04-1747-4374-a6b6-ca08586440c6","39aea156-4093-46cd-a232-d0054b484bfd","d4588cfa-baf7-49dd-a4f3-9f9f326b2868","","COMPLETED",NULL,"faa3648b-7c03-4688-ad76-da832ca1eda2","2024-10-24 18:13:30+00","2024-10-24 18:01:09+00","83051d7f-9143-4efe-95dd-9953fc7dba79",NULL,False,"d1503f63-8cf5-46f1-baea-034fe7ab6bcf",NULL,"2024-10-24 18:01:09+00",NULL,"8ec83915-a50f-4bfa-9f9e-998570c0e456","39aea156-4093-46cd-a232-d0054b484bfd","3403f56f-dcd7-45e8-a3c2-a47a6cd30481","0b876c04-1747-4374-a6b6-ca08586440c6","CAPTURE_ANALYSIS","SCM","SAST","9JY2Y1W",100,"SAST_SCM_FIRST_TIME_TRIAGE","9d0d9e51-a884-49cc-9cf1-3dc6b4bdd4d8",True,"NOT_ENTITLED",NULL,NULL,"cov_thin_client:2024.9.0"
"2578ae49-9b8f-4d24-a5fc-2310f332e87e","f5840d21-788a-4119-bd7c-a4900fd1a4a2","00ad75ea-a8e2-4e68-9feb-37b717d052df","e087705d-9eb9-45f8-9326-a01a890bad0e","777e000e-4601-4a89-b993-306b12533627","df5bfff4-31f1-42b3-bec1-7077f9305cd2","null","FAILED",NULL,NULL,"2024-10-25 19:38:47+00","2024-10-25 19:36:54+00","98b5889c-531c-44b6-ba7d-f95e536a46b4",NULL,False,"4f647dd0-6ff2-4916-b86d-996ea31db0d2",NULL,"2024-10-25 19:36:54+00",NULL,"c6631634-e0c0-4bb9-9495-786d2bf246f9","777e000e-4601-4a89-b993-306b12533627","00ad75ea-a8e2-4e68-9feb-37b717d052df","e087705d-9eb9-45f8-9326-a01a890bad0e","IMPORT_RESULTS","THIRD_PARTY_RESULT_UPLOAD","EXTERNAL_ANALYSIS","ASP3343",0,"EA_NO_TRIAGE","348eea92-0a40-4247-90af-75382b3e6ed3",True,"NOT_ENTITLED",NULL,NULL,"SCA-Black Duck"
"b395d1a2-a329-48f1-adce-24eba986a3f1","9b362aac-36c1-427d-82f1-89012d89ebb5","997d72f5-10d9-4bac-b8a8-7a4a7217212f","e6c4433f-aa51-4631-b2c7-5a526a5762be","6c03863d-9cda-45de-a7e3-b872a60322e2","8e64ff66-3a11-4f16-b5ae-5661742255a7","null","COMPLETED",NULL,"7bd8d952-9ea2-4f25-8d02-38889b8d72ed","2024-11-13 14:14:08+00","2024-11-13 07:23:22+00","b9f3589e-bde2-4be2-b66f-119a49d451ff",NULL,True,"858550a2-65a0-44da-accd-77ebf2c06552",NULL,"2024-11-13 07:23:22+00",NULL,"e76cd562-1cfb-471c-9f4d-7f5dc49d93be","6c03863d-9cda-45de-a7e3-b872a60322e2","997d72f5-10d9-4bac-b8a8-7a4a7217212f","e6c4433f-aa51-4631-b2c7-5a526a5762be","CAPTURE_ANALYSIS","SOURCE_UPLOAD","SAST","2L6SAYL",30,"SAST_NO_TRIAGE","49aca6a5-41fa-4132-9af4-2c59ec2e0ef3",True,"NOT_ENTITLED",NULL,NULL,"cov_thin_client:2024.9.0"
"9a66ddeb-7bfe-4ab6-9bc2-68f39d751730","30b5e3c8-6727-47f6-8cd6-67b2f64d3162","dc176451-57c2-4015-b67f-3340358f2308","226f07b2-0f6e-4970-ac48-ff97c2627be5","788c0e72-a159-4f91-ad41-2ce35c21206c","d1004b80-1ac3-4f9f-9113-8b055f405904","null","COMPLETED",NULL,"f24d830f-58f1-4798-830a-d0c992c4f977","2024-11-26 16:39:15+00","2024-11-26 16:22:54+00","2325f954-3472-496a-89d6-6ef7c567d9be",NULL,False,"0034c974-4727-4717-b622-089fd85f2799",NULL,"2024-11-26 16:22:54+00",NULL,"96c8c4e7-d8d1-4ff3-ab5c-09cd5999ee9a","788c0e72-a159-4f91-ad41-2ce35c21206c","dc176451-57c2-4015-b67f-3340358f2308","226f07b2-0f6e-4970-ac48-ff97c2627be5","SCA_PACKAGE","SOURCE_UPLOAD","SCA","KG1PWMA",336,"SCA_NO_TRIAGE","e9c45a87-7ac8-4138-ba61-7dd9c8c0c160",True,"NOT_ENTITLED",NULL,NULL,"synopsys_detect:9.9.0"
"1d8645fa-bdfd-45a5-a245-432b0aac93bd","be0acbaa-1e9e-4ce7-90aa-e6bc1020be58","73d011a1-6aae-403b-85e7-1e3c4608a977","82565564-5164-49bc-a4cf-706eebbe7fdb","ed758223-f4c4-41dc-9c23-6e0f846f480c","6c5f943d-e051-4c9e-aa1c-f6425caa27f3","null","COMPLETED",NULL,NULL,"2024-09-19 11:25:18+00","2024-09-19 11:24:33+00","a257d578-c39c-4e10-9252-2c017c88cd4d",NULL,False,"06e142d2-6dd3-4051-ba4f-abc81843fab8",NULL,"2024-09-19 11:24:33+00",NULL,"e6f13731-c3e1-48e1-8259-1c3f696fe63a","ed758223-f4c4-41dc-9c23-6e0f846f480c","73d011a1-6aae-403b-85e7-1e3c4608a977","82565564-5164-49bc-a4cf-706eebbe7fdb","DYNAMIC_PREFLIGHT","DAST_PREFLIGHT","DAST","9TO5XCC",336,"DAST_PREFLIGHT_NO_TRIAGE",NULL,False,"NOT_ENTITLED","0438172b-50f8-4077-b018-7b30020b5bfb","317993686",NULL
"13912ef9-490b-4ef8-902d-72641b42fd39","30b5e3c8-6727-47f6-8cd6-67b2f64d3162","cdda2934-f662-44c1-9772-2e1046b33889","87c73215-0636-41b0-ac30-225066132a72","73e4c8a1-363d-4b71-b1fd-05b85a4016c2","d2eb2557-07d1-41c4-b189-f270bb77156a","null","COMPLETED",NULL,"4c9f863c-c625-499e-bef6-69f57b3d57ba","2024-10-22 14:12:32+00","2024-10-17 16:55:12+00","42eb1900-a323-48a5-a5ef-f8ca9159468f","4e3c890d-30ac-4b0f-b3a5-f90ba223aa39",False,"e6d2380c-031d-4767-b18d-5ee0f18684be",NULL,"2024-10-17 16:55:12+00",NULL,"d45039f8-b75a-4a86-ac8d-7f7b07e07884","73e4c8a1-363d-4b71-b1fd-05b85a4016c2","cdda2934-f662-44c1-9772-2e1046b33889","87c73215-0636-41b0-ac30-225066132a72","CAPTURE_ANALYSIS","SOURCE_UPLOAD","SAST","6SPVMIF",24,"SAST_FIRST_TIME_TRIAGE","98ea78aa-a968-405e-852e-40f54cdec07f",True,"NOT_ENTITLED",NULL,NULL,"cov_thin_client:2024.9.0"
"20497ef9-c80d-4cce-bb7f-5a83eae123c3","f5840d21-788a-4119-bd7c-a4900fd1a4a2","00ad75ea-a8e2-4e68-9feb-37b717d052df","1fe0757d-47f7-43a1-b054-0006f41e3b71","777e000e-4601-4a89-b993-306b12533627","d35b2b05-fc6a-41a3-97c7-33c776dc1dd9","null","FAILED",NULL,NULL,"2024-10-02 17:23:55+00","2024-10-02 17:21:15+00","98b5889c-531c-44b6-ba7d-f95e536a46b4",NULL,False,"374d69de-ce02-4eb7-ad9d-64b402ebdc43",NULL,"2024-10-02 17:21:15+00",NULL,"c6631634-e0c0-4bb9-9495-786d2bf246f9","777e000e-4601-4a89-b993-306b12533627","00ad75ea-a8e2-4e68-9feb-37b717d052df","1fe0757d-47f7-43a1-b054-0006f41e3b71","IMPORT_RESULTS","THIRD_PARTY_RESULT_UPLOAD","EXTERNAL_ANALYSIS","31905MV",0,"EA_NO_TRIAGE","9a08447e-c92f-41f8-9203-b8a2b42667fd",True,"NOT_ENTITLED",NULL,NULL,NULL
"d02eda8b-70b2-498b-9df6-30b177b90d7a","ed3cbe0d-2d93-4d11-9816-730e09b59758","d4bd21f1-dc55-4879-acba-7044b1e8eb01","ba6181c3-9a57-4520-a605-bb382a720a72","1202ec1e-cd7a-4dcc-8cda-1ccf16dbbdaa","cca09fd9-4915-47bf-8faf-d25a72dda0d0","null","COMPLETED",NULL,"41baeac0-9d22-47f3-9ff6-43c671e1f553","2024-09-27 08:49:37+00","2024-09-27 08:42:41+00","d5ad52fb-a5c7-42ed-83bc-ec18abddf2d2",NULL,False,"ec109647-a7f0-457f-b26b-5847b39dadc6",NULL,"2024-09-27 08:42:41+00",NULL,"0a7136f8-abab-4587-972e-4844178b07df","1202ec1e-cd7a-4dcc-8cda-1ccf16dbbdaa","d4bd21f1-dc55-4879-acba-7044b1e8eb01","ba6181c3-9a57-4520-a605-bb382a720a72","SCA_PACKAGE","SOURCE_UPLOAD","SCA","P6VHUHE",72,"SCA_NO_TRIAGE","287eaf4d-42cf-4231-83b6-002d6d4f5ef2",True,"NOT_ENTITLED",NULL,NULL,"synopsys_detect:9.9.0"
"b827cff8-850b-495b-989c-f061029de4f6","6747c5f5-d185-412d-a7ae-7e674f51d606","3403f56f-dcd7-45e8-a3c2-a47a6cd30481","04dc0b1a-855c-43b9-9a6e-d2953e66207c","b0176964-c34b-48cc-a543-c33309a02dff","706a9662-c18f-44a9-90d2-fa4a0b23d6f0",NULL,"COMPLETED",NULL,"798a6b23-d3b8-444a-afc3-4c80aee70ec4","2024-09-09 16:59:51+00","2024-09-09 16:56:45+00","278fac2e-f9fc-4b89-aed1-935b18c640c1","278fac2e-f9fc-4b89-aed1-935b18c640c1",False,"aba5cc64-a8fe-4944-9ec3-52d41d61be5c",NULL,"2024-09-09 16:56:45+00",NULL,"8ec83915-a50f-4bfa-9f9e-998570c0e456","b0176964-c34b-48cc-a543-c33309a02dff","3403f56f-dcd7-45e8-a3c2-a47a6cd30481","04dc0b1a-855c-43b9-9a6e-d2953e66207c","SCA_SIGNATURE","CI","SCA","GNJKD4W",100,"SCA_NO_TRIAGE_ONLY_MATCHING","2f9277c0-91e8-4794-acaa-f6aa41b331fd",True,"NOT_ENTITLED",NULL,NULL,"synopsys_detect:9.9.0"
"cf887736-5483-4c3e-ab04-79c1251d2728","6747c5f5-d185-412d-a7ae-7e674f51d606","3403f56f-dcd7-45e8-a3c2-a47a6cd30481","0b876c04-1747-4374-a6b6-ca08586440c6","137cd70d-cd75-44a5-89eb-106cec7f9c05","3d1cf7f1-1169-4b93-96a6-ae0be6229811","null","FAILED",NULL,NULL,"2024-10-08 19:23:54+00","2024-10-08 19:18:59+00","278fac2e-f9fc-4b89-aed1-935b18c640c1",NULL,False,"e7441e32-4351-43e9-8628-a071e88e78a9",NULL,"2024-10-08 19:18:59+00",NULL,"53e04787-2c6a-412a-a9ec-91d56a6ca212","137cd70d-cd75-44a5-89eb-106cec7f9c05","3403f56f-dcd7-45e8-a3c2-a47a6cd30481","0b876c04-1747-4374-a6b6-ca08586440c6","IMPORT_RESULTS","THIRD_PARTY_RESULT_UPLOAD","EXTERNAL_ANALYSIS","QZXDHK6",0,"EA_NO_TRIAGE","a730e6d3-f731-4d20-907f-d9b5e478b13d",False,"NOT_ENTITLED",NULL,NULL,NULL
"96879416-2cd7-4a04-8eb6-e5443ed585e7","f5840d21-788a-4119-bd7c-a4900fd1a4a2","df76cc31-dd0d-4514-89c3-6cac5221bf34","241e2642-a603-4748-9c48-542ddbe1f1ad","6e7a2925-41b9-48e4-9708-dc6fdb47c94f","66667b3d-63bb-44f3-9f53-a357699d9ef0","","NOT_RUN",NULL,"85a4ebee-a858-4fcc-ace0-ed8e3c39fa87","2024-10-31 16:01:48+00","2024-10-30 15:58:11+00","f35f36b8-771f-4fae-951e-805a0940f27c",NULL,False,NULL,NULL,"2024-10-30 15:58:11+00",NULL,"010412b5-22b8-44ed-a37f-1c5482a9d598","6e7a2925-41b9-48e4-9708-dc6fdb47c94f","df76cc31-dd0d-4514-89c3-6cac5221bf34","241e2642-a603-4748-9c48-542ddbe1f1ad","CAPTURE_ANALYSIS","SCM","SAST","RZ4BHE3",336,"SAST_SCM_ALWAYS_TRIAGE","eaa431f1-780c-4aff-a6c3-44a21a931e7f",True,"REQUIRED",NULL,NULL,"cov_thin_client:2024.9.0"
"4cf4d158-36f1-4ee7-a2c9-332d15ebe8eb","6747c5f5-d185-412d-a7ae-7e674f51d606","f01d3077-2d6f-4e1a-83db-08fd435da11a","85fb5d7f-4b50-49ea-9157-ea9ddf2e5387","e63107fb-5472-440a-837e-7cc303dc8ec3","434ab8b3-d762-4c5d-954c-48ec4eaa35f6","null","COMPLETED",NULL,"f7e92a25-72e9-4f8e-941f-d9ad5f042b25","2024-10-15 23:27:19+00","2024-10-15 23:19:50+00","278fac2e-f9fc-4b89-aed1-935b18c640c1",NULL,False,"fe655dd5-a7ed-4583-b2b4-84f866b4a784",NULL,"2024-10-15 23:19:50+00",NULL,"53e04787-2c6a-412a-a9ec-91d56a6ca212","e63107fb-5472-440a-837e-7cc303dc8ec3","f01d3077-2d6f-4e1a-83db-08fd435da11a","85fb5d7f-4b50-49ea-9157-ea9ddf2e5387","CAPTURE_ANALYSIS","SOURCE_UPLOAD","SAST","ADJ1JJ3",24,"SAST_NO_TRIAGE","0333a98d-a14f-44f8-9423-d79acd67e3bb",True,"NOT_ENTITLED",NULL,NULL,"cov_thin_client:2024.9.0"
"956cf2fb-a0b3-49ee-858d-dd79e10a48d9","be0acbaa-1e9e-4ce7-90aa-e6bc1020be58","73d011a1-6aae-403b-85e7-1e3c4608a977","82565564-5164-49bc-a4cf-706eebbe7fdb","ed758223-f4c4-41dc-9c23-6e0f846f480c","4863880e-20eb-45fc-904f-e49a03ebcf1b","null","COMPLETED",NULL,"581311a5-6401-4fd4-ac1c-9ee3201abe55","2024-09-19 11:35:49+00","2024-09-19 11:25:24+00","a257d578-c39c-4e10-9252-2c017c88cd4d",NULL,False,"cb2cea49-2bb4-45cc-8dcf-9df48dfd2fc7",NULL,"2024-09-19 11:25:24+00",NULL,"e6f13731-c3e1-48e1-8259-1c3f696fe63a","ed758223-f4c4-41dc-9c23-6e0f846f480c","73d011a1-6aae-403b-85e7-1e3c4608a977","82565564-5164-49bc-a4cf-706eebbe7fdb","DYNAMIC_TEST","DAST_WEBAPP","DAST","TMD1YNQ",336,"DAST_NO_TRIAGE",NULL,False,"NOT_ENTITLED","0438172b-50f8-4077-b018-7b30020b5bfb","317993686",NULL
"6f5a9242-53d7-4479-80f0-102dbcfdd7fd","30b5e3c8-6727-47f6-8cd6-67b2f64d3162","cdda2934-f662-44c1-9772-2e1046b33889","1aade00c-5fae-48c8-bb3b-93669e054c31","73e4c8a1-363d-4b71-b1fd-05b85a4016c2","b3d81581-6a3c-4e6c-a5a7-483b4b24d595","null","COMPLETED",NULL,"b6ec30b3-8970-480b-b561-33ffc63df2f9","2024-10-22 14:13:37+00","2024-10-17 16:56:00+00","42eb1900-a323-48a5-a5ef-f8ca9159468f","4e3c890d-30ac-4b0f-b3a5-f90ba223aa39",False,"59c36967-0a33-4f04-acd2-e6a855166e2f",NULL,"2024-10-17 16:56:00+00",NULL,"d45039f8-b75a-4a86-ac8d-7f7b07e07884","73e4c8a1-363d-4b71-b1fd-05b85a4016c2","cdda2934-f662-44c1-9772-2e1046b33889","1aade00c-5fae-48c8-bb3b-93669e054c31","CAPTURE_ANALYSIS","SOURCE_UPLOAD","SAST","E5R0Q3S",24,"SAST_FIRST_TIME_TRIAGE","f83a11fe-6f58-4eef-b5da-944c56307b6d",True,"NOT_ENTITLED",NULL,NULL,"cov_thin_client:2024.9.0"
"f32dffd5-a69f-413f-b53c-2c66bbd9350c","6747c5f5-d185-412d-a7ae-7e674f51d606","445d9470-acb7-437e-8dcb-c1f78989f71c","b6f869b5-e2b3-492c-b078-6b81caf5a48c","b0176964-c34b-48cc-a543-c33309a02dff","113182b4-af04-4eb6-8296-97f58d46fb5e","null","COMPLETED",NULL,"a601efbc-f414-43a9-86af-5cf481e464d8","2024-10-24 20:00:47+00","2024-10-24 19:57:57+00","278fac2e-f9fc-4b89-aed1-935b18c640c1",NULL,False,"48bae264-f81a-4892-abf0-f93d86c9965a",NULL,"2024-10-24 19:57:57+00",NULL,"8ec83915-a50f-4bfa-9f9e-998570c0e456","b0176964-c34b-48cc-a543-c33309a02dff","445d9470-acb7-437e-8dcb-c1f78989f71c","b6f869b5-e2b3-492c-b078-6b81caf5a48c","SCA_PACKAGE","SOURCE_UPLOAD","SCA","9C3Q1F5",100,"SCA_NO_TRIAGE","44cd5cf6-474d-403d-9974-ba8d12ada86d",True,"NOT_ENTITLED",NULL,NULL,"synopsys_detect:9.9.0"
"ab7d4aab-7ba8-4bfd-92ea-7143c55dec35","6747c5f5-d185-412d-a7ae-7e674f51d606","f01d3077-2d6f-4e1a-83db-08fd435da11a","85fb5d7f-4b50-49ea-9157-ea9ddf2e5387","43660efa-e4a1-4e7f-87a3-5213bf6e96a0","21c87575-0bbd-4b8a-8034-15c7209fa32b","null","COMPLETED",NULL,"3b03594b-dc69-4234-8ea3-37577fa12dea","2024-10-15 23:30:41+00","2024-10-15 23:29:41+00","278fac2e-f9fc-4b89-aed1-935b18c640c1",NULL,False,"4f0005e5-39f4-4630-a9a7-e96ba6208f93",NULL,"2024-10-15 23:29:41+00",NULL,"53e04787-2c6a-412a-a9ec-91d56a6ca212","43660efa-e4a1-4e7f-87a3-5213bf6e96a0","f01d3077-2d6f-4e1a-83db-08fd435da11a","85fb5d7f-4b50-49ea-9157-ea9ddf2e5387","SCA_PACKAGE","SOURCE_UPLOAD","SCA","JZ2GLOQ",100,"SCA_NO_TRIAGE","0333a98d-a14f-44f8-9423-d79acd67e3bb",True,"NOT_ENTITLED",NULL,NULL,"synopsys_detect:9.9.0"
"55b3eddf-95bc-4e7b-9af0-643256ec776b","f5840d21-788a-4119-bd7c-a4900fd1a4a2","00ad75ea-a8e2-4e68-9feb-37b717d052df","1fe0757d-47f7-43a1-b054-0006f41e3b71","67c17ed0-e100-49ac-b2e1-7d7cbc4253ef","e86a84fd-2470-48e7-a593-2b7ec0760c1d","null","COMPLETED",NULL,"cca51a92-0668-42fd-9de5-b89af9f35207","2024-09-26 20:13:41+00","2024-09-26 20:08:41+00","98b5889c-531c-44b6-ba7d-f95e536a46b4",NULL,False,"bbf5a314-c1b1-4b6c-a6f8-b216bef599bb",NULL,"2024-09-26 20:08:41+00",NULL,"2be67c44-11ec-4cca-9c87-2a5736fcefa2","67c17ed0-e100-49ac-b2e1-7d7cbc4253ef","00ad75ea-a8e2-4e68-9feb-37b717d052df","1fe0757d-47f7-43a1-b054-0006f41e3b71","CAPTURE_ANALYSIS","SOURCE_UPLOAD","SAST","KW77ML8",120,"SAST_NO_TRIAGE","9a08447e-c92f-41f8-9203-b8a2b42667fd",True,"NOT_ENTITLED",NULL,NULL,"cov_thin_client:2024.6.0"
"9f317995-d2f4-4547-9ff8-3c28a41b8786","f5840d21-788a-4119-bd7c-a4900fd1a4a2","df76cc31-dd0d-4514-89c3-6cac5221bf34","241e2642-a603-4748-9c48-542ddbe1f1ad","6e7a2925-41b9-48e4-9708-dc6fdb47c94f","e6972051-dbcd-4ac4-90f7-312b860d12b2","","NOT_RUN",NULL,"85a4ebee-a858-4fcc-ace0-ed8e3c39fa87","2024-10-27 16:01:34+00","2024-10-26 15:58:13+00","f35f36b8-771f-4fae-951e-805a0940f27c",NULL,False,NULL,NULL,"2024-10-26 15:58:13+00",NULL,"010412b5-22b8-44ed-a37f-1c5482a9d598","6e7a2925-41b9-48e4-9708-dc6fdb47c94f","df76cc31-dd0d-4514-89c3-6cac5221bf34","241e2642-a603-4748-9c48-542ddbe1f1ad","CAPTURE_ANALYSIS","SCM","SAST","RWGJ3C7",336,"SAST_SCM_ALWAYS_TRIAGE","eaa431f1-780c-4aff-a6c3-44a21a931e7f",True,"REQUIRED",NULL,NULL,"cov_thin_client:2024.9.0"
"d1d0e416-1112-4674-80b2-edf55a2ea474","30b5e3c8-6727-47f6-8cd6-67b2f64d3162","cdda2934-f662-44c1-9772-2e1046b33889","87c73215-0636-41b0-ac30-225066132a72","87ba302c-2961-40f2-ae10-b4cdac150eff","d65c0686-f144-416b-83f7-a6ba10005c0d","null","COMPLETED",NULL,"9bdb1dfd-a8b3-48df-969a-dd4ad3a4924d","2024-10-17 16:59:37+00","2024-10-17 16:55:12+00","42eb1900-a323-48a5-a5ef-f8ca9159468f",NULL,False,"ec9537a6-952d-4a7a-8364-b4cf03d1ceab",NULL,"2024-10-17 16:55:12+00",NULL,"ffd0a5b2-1831-41be-bed7-aadaf17fd7c3","87ba302c-2961-40f2-ae10-b4cdac150eff","cdda2934-f662-44c1-9772-2e1046b33889","87c73215-0636-41b0-ac30-225066132a72","SCA_PACKAGE","SOURCE_UPLOAD","SCA","JY6P3UJ",72,"SCA_NO_TRIAGE","98ea78aa-a968-405e-852e-40f54cdec07f",True,"NOT_ENTITLED",NULL,NULL,"synopsys_detect:9.9.0"
"1f049ee2-afeb-4adb-82bf-436e88200689","30b5e3c8-6727-47f6-8cd6-67b2f64d3162","cdda2934-f662-44c1-9772-2e1046b33889","104165fb-3d76-42b2-aa81-13895129d484","87ba302c-2961-40f2-ae10-b4cdac150eff","f3c58f3a-2153-4e4e-b733-388c187a0e4a","null","COMPLETED",NULL,"be5c3bc9-716f-48e4-ac81-569c57e0cfef","2024-10-23 08:51:15+00","2024-10-23 08:48:04+00","42eb1900-a323-48a5-a5ef-f8ca9159468f",NULL,False,"af1ebf0a-fe80-4cfa-8761-5d91262ec01b",NULL,"2024-10-23 08:48:04+00",NULL,"ffd0a5b2-1831-41be-bed7-aadaf17fd7c3","87ba302c-2961-40f2-ae10-b4cdac150eff","cdda2934-f662-44c1-9772-2e1046b33889","104165fb-3d76-42b2-aa81-13895129d484","SCA_PACKAGE","SOURCE_UPLOAD","SCA","Q9Y3C89",72,"SCA_NO_TRIAGE","8b0159cf-b6bd-4650-943c-84ca4a72265a",True,"NOT_ENTITLED",NULL,NULL,"synopsys_detect:9.9.0"
"7679698d-3c5e-436e-9e7d-ff286c09e96b","de467887-5a87-4ced-ae66-1fbaa9ac9da2","837a50da-bdd5-4be7-899c-03dafb387e02","e6aeae49-1316-4903-902c-f38227a5f321","61211bd0-b6ea-4a4f-ae29-fdbd8626adf6","867b112d-d837-4a35-8055-1fcb31b9c33e","null","COMPLETED",NULL,"a2dec2d1-d70f-49d6-9bc5-5fe92f9f6d81","2024-11-04 07:07:52+00","2024-11-04 06:55:57+00","ef2f3acf-dfa4-4c4d-84ad-13d4a171945f","66d5710a-d440-4e0f-88c6-0e9df61e506a",False,"5eb44549-141c-4eef-b4db-80c365f2b339",NULL,"2024-11-04 06:55:57+00",NULL,"47d76fdd-a8d5-4592-8294-062e0e6f0c2f","61211bd0-b6ea-4a4f-ae29-fdbd8626adf6","837a50da-bdd5-4be7-899c-03dafb387e02","e6aeae49-1316-4903-902c-f38227a5f321","CAPTURE_ANALYSIS","SOURCE_UPLOAD","SAST","TF83JMS",72,"SAST_FIRST_TIME_TRIAGE","09cda7aa-6483-4b5f-946a-6beed5a6a005",True,"NOT_ENTITLED",NULL,NULL,"cov_thin_client:2024.9.0"
"f6dd0d29-c9e0-4f06-9857-c61bee141c24","f5840d21-788a-4119-bd7c-a4900fd1a4a2","7c7feac1-4485-4080-8d05-f5115a7710c4","77897a60-319d-44ff-bb86-882dfd38c0ae","829e5fd5-63c2-4bd6-8483-0ad2fa29a498","8e079119-2e07-426b-ad58-fdfc135ea21d","null","COMPLETED",NULL,"ba8b42a2-7ed7-4958-a5cb-011c297f483b","2024-11-05 20:33:27+00","2024-11-05 20:15:51+00","98b5889c-531c-44b6-ba7d-f95e536a46b4",NULL,False,"838c23ab-07a6-40f4-a42e-06f306b9e2d4",NULL,"2024-11-05 20:15:51+00",NULL,"e93c21b4-2a56-4f28-aa7e-dea143ad69dc","829e5fd5-63c2-4bd6-8483-0ad2fa29a498","7c7feac1-4485-4080-8d05-f5115a7710c4","77897a60-319d-44ff-bb86-882dfd38c0ae","SCA_PACKAGE","SOURCE_UPLOAD","SCA","H6NODDC",300,"SCA_NO_TRIAGE","b42eff2c-cabc-4aae-8885-6769e633cf6e",True,"NOT_ENTITLED",NULL,NULL,"synopsys_detect:9.9.0"
"e7ba0b40-1821-4783-bc44-a60f3d52a2a1","6747c5f5-d185-412d-a7ae-7e674f51d606","3403f56f-dcd7-45e8-a3c2-a47a6cd30481","0b876c04-1747-4374-a6b6-ca08586440c6","137cd70d-cd75-44a5-89eb-106cec7f9c05","de9f9db1-a9d0-4e37-978d-52453c2e5c09","null","COMPLETED",NULL,NULL,"2024-10-17 20:59:07+00","2024-10-17 20:56:53+00","278fac2e-f9fc-4b89-aed1-935b18c640c1",NULL,False,"3530e73c-dcfa-4603-b437-6940305502e9",NULL,"2024-10-17 20:56:53+00",NULL,"53e04787-2c6a-412a-a9ec-91d56a6ca212","137cd70d-cd75-44a5-89eb-106cec7f9c05","3403f56f-dcd7-45e8-a3c2-a47a6cd30481","0b876c04-1747-4374-a6b6-ca08586440c6","IMPORT_RESULTS","THIRD_PARTY_RESULT_UPLOAD","EXTERNAL_ANALYSIS","9GWXPGK",0,"EA_NO_TRIAGE","9d0d9e51-a884-49cc-9cf1-3dc6b4bdd4d8",True,"NOT_ENTITLED",NULL,NULL,"SCA-Black Duck Binary Analysis"
"75203938-53fd-4121-857e-8d84955a2673","30b5e3c8-6727-47f6-8cd6-67b2f64d3162","cdda2934-f662-44c1-9772-2e1046b33889","c1d2e0e7-7c97-4f33-a5b2-ac87e6b4272c","73e4c8a1-363d-4b71-b1fd-05b85a4016c2","03997338-c1b9-4bad-96f8-659119cd877d","null","COMPLETED",NULL,"1b56511c-23f5-4d5b-af45-95dc81fb0392","2024-10-22 14:13:02+00","2024-10-17 16:55:27+00","42eb1900-a323-48a5-a5ef-f8ca9159468f","4e3c890d-30ac-4b0f-b3a5-f90ba223aa39",False,"663c8581-f408-468d-b7d3-e7cf235c18ea",NULL,"2024-10-17 16:55:27+00",NULL,"d45039f8-b75a-4a86-ac8d-7f7b07e07884","73e4c8a1-363d-4b71-b1fd-05b85a4016c2","cdda2934-f662-44c1-9772-2e1046b33889","c1d2e0e7-7c97-4f33-a5b2-ac87e6b4272c","CAPTURE_ANALYSIS","SOURCE_UPLOAD","SAST","R0537XZ",24,"SAST_FIRST_TIME_TRIAGE","c6cb548b-0e6a-48e8-8f4d-9092c1841973",True,"NOT_ENTITLED",NULL,NULL,"cov_thin_client:2024.9.0"
"69424714-e871-4765-afb0-f17d02f0fba1","6747c5f5-d185-412d-a7ae-7e674f51d606","3403f56f-dcd7-45e8-a3c2-a47a6cd30481","0b876c04-1747-4374-a6b6-ca08586440c6","137cd70d-cd75-44a5-89eb-106cec7f9c05","0b1dd440-1c68-4fc6-80f8-2648fdffb47b","null","FAILED",NULL,NULL,"2024-10-08 19:20:54+00","2024-10-08 19:19:51+00","278fac2e-f9fc-4b89-aed1-935b18c640c1",NULL,False,"b7d14bfb-4fbb-4c75-b3c1-f4684f43b3ec",NULL,"2024-10-08 19:19:51+00",NULL,"53e04787-2c6a-412a-a9ec-91d56a6ca212","137cd70d-cd75-44a5-89eb-106cec7f9c05","3403f56f-dcd7-45e8-a3c2-a47a6cd30481","0b876c04-1747-4374-a6b6-ca08586440c6","IMPORT_RESULTS","THIRD_PARTY_RESULT_UPLOAD","EXTERNAL_ANALYSIS","FHI4FYP",0,"EA_NO_TRIAGE","a730e6d3-f731-4d20-907f-d9b5e478b13d",False,"NOT_ENTITLED",NULL,NULL,NULL
"1f204163-6d76-41b4-8398-89fcb86de356","ed3cbe0d-2d93-4d11-9816-730e09b59758","d4bd21f1-dc55-4879-acba-7044b1e8eb01","ba6181c3-9a57-4520-a605-bb382a720a72","7baa8101-4d45-4d7c-a348-941419f5fc79","b7223a39-12d9-4c2a-97df-dddb66a60352","null","TM_TRIAGE",NULL,"72c4b003-48fa-4a10-bce7-966e74123d79","2024-09-27 08:59:54+00","2024-09-27 08:42:41+00","d5ad52fb-a5c7-42ed-83bc-ec18abddf2d2",NULL,False,"dbc965f6-fee9-41c4-a4af-dbd61a2661ad",NULL,"2024-09-27 08:42:41+00",NULL,"9b8bea89-f5f1-494b-81ba-2be54c8ca8b9","7baa8101-4d45-4d7c-a348-941419f5fc79","d4bd21f1-dc55-4879-acba-7044b1e8eb01","ba6181c3-9a57-4520-a605-bb382a720a72","CAPTURE_ANALYSIS","SOURCE_UPLOAD","SAST","42YJUXH",120,"SAST_FIRST_TIME_TRIAGE","287eaf4d-42cf-4231-83b6-002d6d4f5ef2",True,"NOT_ENTITLED",NULL,NULL,"cov_thin_client:2024.6.0"
"66d151bc-5c8b-4019-be99-bd9d708ef632","f5840d21-788a-4119-bd7c-a4900fd1a4a2","00ad75ea-a8e2-4e68-9feb-37b717d052df","1fe0757d-47f7-43a1-b054-0006f41e3b71","777e000e-4601-4a89-b993-306b12533627","bd14fe5e-788d-4c50-8c46-f3d993095ad8","null","COMPLETED",NULL,NULL,"2024-10-02 17:26:33+00","2024-10-02 17:25:17+00","98b5889c-531c-44b6-ba7d-f95e536a46b4",NULL,False,"21def2de-d576-4b17-8c31-61d3c05272b8",NULL,"2024-10-02 17:25:17+00",NULL,"c6631634-e0c0-4bb9-9495-786d2bf246f9","777e000e-4601-4a89-b993-306b12533627","00ad75ea-a8e2-4e68-9feb-37b717d052df","1fe0757d-47f7-43a1-b054-0006f41e3b71","IMPORT_RESULTS","THIRD_PARTY_RESULT_UPLOAD","EXTERNAL_ANALYSIS","N7NQ88I",0,"EA_NO_TRIAGE","9a08447e-c92f-41f8-9203-b8a2b42667fd",True,"NOT_ENTITLED",NULL,NULL,"SAST-Veracode"
"e6e183e0-0e4d-447a-95f6-381c2e12c0de","f5840d21-788a-4119-bd7c-a4900fd1a4a2","df76cc31-dd0d-4514-89c3-6cac5221bf34","241e2642-a603-4748-9c48-542ddbe1f1ad","6e7a2925-41b9-48e4-9708-dc6fdb47c94f","004b1cd1-d0c9-4e96-9a7f-550fc64a0c1d","","NOT_RUN",NULL,"85a4ebee-a858-4fcc-ace0-ed8e3c39fa87","2024-11-01 16:01:48+00","2024-10-31 15:58:09+00","f35f36b8-771f-4fae-951e-805a0940f27c",NULL,False,NULL,NULL,"2024-10-31 15:58:09+00",NULL,"010412b5-22b8-44ed-a37f-1c5482a9d598","6e7a2925-41b9-48e4-9708-dc6fdb47c94f","df76cc31-dd0d-4514-89c3-6cac5221bf34","241e2642-a603-4748-9c48-542ddbe1f1ad","CAPTURE_ANALYSIS","SCM","SAST","RFKKT8R",336,"SAST_SCM_ALWAYS_TRIAGE","eaa431f1-780c-4aff-a6c3-44a21a931e7f",True,"REQUIRED",NULL,NULL,"cov_thin_client:2024.9.0"
"d7064579-d8ff-44ef-8a03-1224c4eee717","be0acbaa-1e9e-4ce7-90aa-e6bc1020be58","73d011a1-6aae-403b-85e7-1e3c4608a977","281f3707-ddc7-4ded-9a53-8f7c1e455d0b","69b92f2a-c875-4961-9685-62456c42e801","b3596158-6bff-4aca-b819-e4a50ccedff4","null","COMPLETED",NULL,"247677e0-8a60-4b5e-97a0-3f31971b81aa","2024-09-19 11:28:25+00","2024-09-19 11:25:37+00","a257d578-c39c-4e10-9252-2c017c88cd4d",NULL,False,"8b41e6a6-b81e-4db0-84b0-6954d3c18d9d",NULL,"2024-09-19 11:25:37+00",NULL,"05cb88d3-f10a-40f1-80ae-41fe50e4c0ab","69b92f2a-c875-4961-9685-62456c42e801","73d011a1-6aae-403b-85e7-1e3c4608a977","281f3707-ddc7-4ded-9a53-8f7c1e455d0b","SCA_PACKAGE","SOURCE_UPLOAD","SCA","VPQXBTH",72,"SCA_NO_TRIAGE","14741405-5eee-428c-b55b-4b99a93e4cd1",True,"NOT_ENTITLED",NULL,NULL,"synopsys_detect:9.9.0"
"d48b5282-aa8b-4f52-ae19-d0f502c570c3","6747c5f5-d185-412d-a7ae-7e674f51d606","f01d3077-2d6f-4e1a-83db-08fd435da11a","85fb5d7f-4b50-49ea-9157-ea9ddf2e5387","e63107fb-5472-440a-837e-7cc303dc8ec3","9ed20110-2959-4131-b648-fb5d774d22e2","null","COMPLETED",NULL,"f7e92a25-72e9-4f8e-941f-d9ad5f042b25","2024-10-15 23:32:32+00","2024-10-15 23:29:42+00","278fac2e-f9fc-4b89-aed1-935b18c640c1",NULL,False,"cdf2362b-ee77-46ba-bf6f-441aa5493248",NULL,"2024-10-15 23:29:42+00",NULL,"53e04787-2c6a-412a-a9ec-91d56a6ca212","e63107fb-5472-440a-837e-7cc303dc8ec3","f01d3077-2d6f-4e1a-83db-08fd435da11a","85fb5d7f-4b50-49ea-9157-ea9ddf2e5387","CAPTURE_ANALYSIS","SOURCE_UPLOAD","SAST","UBAYKW7",24,"SAST_NO_TRIAGE","0333a98d-a14f-44f8-9423-d79acd67e3bb",True,"NOT_ENTITLED",NULL,NULL,"cov_thin_client:2024.9.0"
"1a636e9c-369e-4581-b561-a59122aa7bca","6747c5f5-d185-412d-a7ae-7e674f51d606","f01d3077-2d6f-4e1a-83db-08fd435da11a","85fb5d7f-4b50-49ea-9157-ea9ddf2e5387","e63107fb-5472-440a-837e-7cc303dc8ec3","e0d8eb7c-6462-4ccc-9fc5-9f6b2b7cdf09","null","CANCELLED",NULL,"f7e92a25-72e9-4f8e-941f-d9ad5f042b25","2024-11-05 21:53:12+00","2024-11-05 21:50:36+00","ba0e2c0e-e1fd-4ef8-9199-443898c63d00","ba0e2c0e-e1fd-4ef8-9199-443898c63d00",False,"64fd479f-9a23-4645-96d7-1ac14e12cc55",NULL,"2024-11-05 21:50:36+00",NULL,"53e04787-2c6a-412a-a9ec-91d56a6ca212","e63107fb-5472-440a-837e-7cc303dc8ec3","f01d3077-2d6f-4e1a-83db-08fd435da11a","85fb5d7f-4b50-49ea-9157-ea9ddf2e5387","CAPTURE_ANALYSIS","SOURCE_UPLOAD","SAST","DAIABQ7",24,"SAST_NO_TRIAGE","0333a98d-a14f-44f8-9423-d79acd67e3bb",True,"NOT_ENTITLED",NULL,NULL,"cov_thin_client:2024.9.0"
